,Start Date,End Date,Adj Close,Percent Change
0,2014-06-06,2014-07-08,55.0,0.20783523320970043
1,2014-06-09,2014-07-09,55.20000076293945,0.23226704323404823
2,2014-06-10,2014-07-10,60.0,0.11426037950776546
3,2014-06-11,2014-07-11,63.5,0.08803672978914356
4,2014-06-12,2014-07-14,66.0,0.04278458417418962
5,2014-06-13,2014-07-15,69.58000183105469,-0.04333482207003336
6,2014-06-16,2014-07-16,71.5,-0.10801179842791653
7,2014-06-17,2014-07-17,69.70999908447266,-0.09331870952904353
8,2014-06-18,2014-07-18,68.95999908447266,-0.07749998569488525
9,2014-06-19,2014-07-21,65.66999816894531,-0.038589255802210065
10,2014-06-20,2014-07-22,65.15000152587889,0.005495353359979194
11,2014-06-23,2014-07-23,65.70999908447266,-0.013730320793560624
12,2014-06-24,2014-07-24,64.27999877929689,-0.0004669070707687961
13,2014-06-25,2014-07-25,64.48999786376953,-0.01335635578681904
14,2014-06-26,2014-07-28,63.81000137329102,-0.006308177366999956
15,2014-06-27,2014-07-29,62.54999923706055,0.020360207801531027
16,2014-06-30,2014-07-30,62.38999938964844,0.07965778806534918
17,2014-07-01,2014-07-31,76.0,-0.14942523960994092
18,2014-07-02,2014-08-01,75.3499984741211,-0.14845294578815804
19,2014-07-03,2014-08-04,76.41000366210938,-0.10371226284877344
20,2014-07-07,2014-08-05,72.16999816894531,-0.0011097494121059537
21,2014-07-08,2014-08-06,69.43000030517578,0.019627215414264154
22,2014-07-09,2014-08-07,71.9000015258789,0.00443090126579071
23,2014-07-10,2014-08-08,67.73999786376953,0.05955853100417363
24,2014-07-11,2014-08-11,69.62999725341797,0.00329234690701552
25,2014-07-14,2014-08-12,68.94999694824219,0.030375525855289354
26,2014-07-15,2014-08-13,66.69000244140625,0.04510300775567744
27,2014-07-16,2014-08-14,64.52999877929689,0.08868802423132827
28,2014-07-17,2014-08-15,63.7599983215332,0.08679463477196558
29,2014-07-18,2014-08-18,64.0,0.09232735695643113
30,2014-07-21,2014-08-19,63.22999954223633,0.15693333943684895
31,2014-07-22,2014-08-20,65.51000213623047,0.1425392561799842
32,2014-07-23,2014-08-21,64.81999969482422,0.16199093764027706
33,2014-07-24,2014-08-22,64.25,0.15035707925964004
34,2014-07-25,2014-08-25,63.63999938964844,0.1579783296128512
35,2014-07-28,2014-08-26,63.40999984741211,0.16752000299686876
36,2014-07-29,2014-08-27,63.849998474121094,0.23220303436309975
37,2014-07-30,2014-08-28,67.79000091552734,0.18765723913000942
38,2014-07-31,2014-08-29,66.12000274658203,0.21144896899444943
39,2014-08-01,2014-09-02,65.61000061035156,0.23797907348312175
40,2014-08-04,2014-09-03,69.23000335693361,0.19133275477908784
41,2014-08-05,2014-09-04,72.08999633789062,0.17602013832321972
42,2014-08-06,2014-09-05,70.81999969482422,0.2227831698843895
43,2014-08-07,2014-09-08,72.22000122070312,0.17613508779808684
44,2014-08-08,2014-09-09,72.02999877929688,0.14534883931452047
45,2014-08-11,2014-09-10,69.86000061035156,0.2128450635453345
46,2014-08-12,2014-09-11,71.11000061035156,0.198760556503081
47,2014-08-13,2014-09-12,69.83999633789061,0.1904486025791018
48,2014-08-14,2014-09-15,70.80999755859375,0.14511655205534946
49,2014-08-15,2014-09-16,69.81999969482422,0.16880952744256883
50,2014-08-18,2014-09-17,70.51000213623047,0.15566997566103524
51,2014-08-19,2014-09-18,75.0,0.1292232393862789
52,2014-08-20,2014-09-19,76.4000015258789,0.128351395369667
53,2014-08-21,2014-09-22,77.3499984741211,0.0774093290464094
54,2014-08-22,2014-09-23,75.62000274658203,0.10477090501038144
55,2014-08-25,2014-09-24,75.58000183105469,0.13236136721972114
56,2014-08-26,2014-09-25,76.16999816894531,0.0964413355693583
57,2014-08-27,2014-09-26,83.16000366210938,0.023141003816131267
58,2014-08-28,2014-09-29,83.44999694824219,0.10566928376736928
59,2014-08-29,2014-09-30,83.8499984741211,0.05071893200571098
60,2014-09-02,2014-10-01,86.0999984741211,-0.02426839132496239
61,2014-09-03,2014-10-02,85.61000061035156,-0.016383678005687408
62,2014-09-04,2014-10-03,87.48999786376953,-0.020529504699868806
63,2014-09-05,2014-10-06,91.12000274658205,-0.07605104414498487
64,2014-09-08,2014-10-07,87.66000366210938,-0.05856788125230783
65,2014-09-09,2014-10-08,84.27999877929688,0.04703757968420996
66,2014-09-10,2014-10-09,88.75,-0.03414122949889142
67,2014-09-11,2014-10-10,88.75,-0.13592734058514822
68,2014-09-12,2014-10-13,86.2699966430664,-0.17071507375322725
69,2014-09-15,2014-10-14,82.83000183105469,-0.1266322852704631
70,2014-09-16,2014-10-15,84.0,-0.11925378526726882
71,2014-09-17,2014-10-16,83.51000213623047,-0.11988738739430027
72,2014-09-18,2014-10-17,86.12999725341797,-0.12265375238518028
73,2014-09-19,2014-10-20,87.6500015258789,-0.14740152148445107
74,2014-09-22,2014-10-21,83.83999633789062,-0.08166680463425413
75,2014-09-23,2014-10-22,84.47000122070312,-0.17026878447721572
76,2014-09-24,2014-10-23,87.11000061035156,-0.17971295951502508
77,2014-09-25,2014-10-24,84.30000305175781,-0.12505008285626285
78,2014-09-26,2014-10-27,85.12999725341797,-0.1604416104844686
79,2014-09-29,2014-10-28,93.30999755859376,-0.263678252794173
80,2014-09-30,2014-10-29,88.33000183105469,-0.20950298928520827
81,2014-10-01,2014-10-30,84.05999755859375,-0.1376370043707169
82,2014-10-02,2014-10-31,84.2300033569336,-0.03667696439302892
83,2014-10-03,2014-11-03,85.7300033569336,-0.00046680959724199056
84,2014-10-06,2014-11-04,84.68000030517578,0.01979394717622318
85,2014-10-07,2014-11-05,82.80999755859375,0.015573052130475662
86,2014-10-08,2014-11-06,88.44000244140625,-0.013638996463108954
87,2014-10-09,2014-11-07,85.81999969482422,-0.10265961294865944
88,2014-10-10,2014-11-10,78.12999725341797,-0.01745014092869579
89,2014-10-13,2014-11-11,73.69000244140625,0.06413507187415002
90,2014-10-14,2014-11-12,73.5199966430664,0.04816159144986254
91,2014-10-15,2014-11-13,75.05000305175781,0.02494475949714392
92,2014-10-16,2014-11-14,74.56999969482422,0.040159642792328865
93,2014-10-17,2014-11-17,76.72000122070312,-0.0002608119068692183
94,2014-10-20,2014-11-18,76.38999938964844,0.00533858913824603
95,2014-10-21,2014-11-19,77.51000213623047,-0.0066234043666295594
96,2014-10-22,2014-11-20,72.18000030517578,0.039904229686381965
97,2014-10-23,2014-11-21,73.83999633789062,0.004180784647456637
98,2014-10-24,2014-11-24,74.93000030517578,-0.02728266790734102
99,2014-10-27,2014-11-25,73.36000061035156,0.00515320401988606
100,2014-10-28,2014-11-26,73.83999633789062,0.03033493291793632
101,2014-10-29,2014-11-28,73.02999877929688,0.03743250117930308
102,2014-10-30,2014-12-01,73.88999938964844,-0.03227154930850484
103,2014-10-31,2014-12-02,81.25,-0.17041201589006638
104,2014-11-03,2014-12-03,85.69000244140625,-0.17981558146587528
105,2014-11-04,2014-12-04,86.38999938964844,-0.17489461204740864
106,2014-11-05,2014-12-05,84.12000274658203,-0.23270816793567972
107,2014-11-06,2014-12-08,87.25,-0.3460351806661113
108,2014-11-07,2014-12-09,77.83000183105469,-0.17585736456125045
109,2014-11-10,2014-12-10,76.79000091552734,-0.17830294726199902
110,2014-11-11,2014-12-11,78.73999786376953,-0.15964648150647198
111,2014-11-12,2014-12-12,77.23999786376953,-0.13671819474257774
112,2014-11-13,2014-12-15,76.97000122070312,-0.14215761860544318
113,2014-11-14,2014-12-16,77.69000244140625,-0.13681601704054525
114,2014-11-17,2014-12-17,76.69999694824219,-0.1400118659313052
115,2014-11-18,2014-12-18,76.80000305175781,-0.1502172669306696
116,2014-11-19,2014-12-19,77.0,-0.1573726350940685
117,2014-11-20,2014-12-22,75.18000030517578,-0.15183092035844514
118,2014-11-21,2014-12-23,74.1500015258789,-0.14605881025305778
119,2014-11-24,2014-12-24,72.94000244140625,-0.1221538837139422
120,2014-11-25,2014-12-26,73.73999786376953,-0.1301149097895713
121,2014-11-26,2014-12-29,76.1500015258789,-0.23680366904858596
122,2014-11-28,2014-12-30,75.87000274658203,-0.2511544114483193
123,2014-12-01,2014-12-31,71.58000183105469,-0.17807774536568566
124,2014-12-02,2015-01-02,69.41999816894531,-0.10753027809435056
125,2014-12-03,2015-01-05,72.62999725341797,-0.1384012244819619
126,2014-12-04,2015-01-06,73.52999877929688,-0.15232717750848312
127,2014-12-05,2015-01-07,68.23999786376953,-0.047589783591765356
128,2014-12-08,2015-01-08,64.81999969482422,0.019661267358689227
129,2014-12-09,2015-01-09,66.19000244140625,0.0034627481764459844
130,2014-12-10,2015-01-12,65.16999816894531,0.01362193930734057
131,2014-12-11,2015-01-13,67.90000152587889,-0.040294239590586534
132,2014-12-12,2015-01-14,67.94999694824219,-0.04442052717640621
133,2014-12-15,2015-01-15,67.38999938964844,-0.06612878287800172
134,2014-12-16,2015-01-16,68.33999633789061,-0.058878143298089824
135,2014-12-17,2015-01-20,67.27999877929689,-0.02764621238500009
136,2014-12-18,2015-01-21,66.76999664306639,-0.03873674410478478
137,2014-12-19,2015-01-22,66.52999877929689,-0.04771651620939976
138,2014-12-22,2015-01-23,65.26999664306639,-0.02933286232660648
139,2014-12-23,2015-01-26,64.69999694824219,-0.00543898185579339
140,2014-12-24,2015-01-27,65.0,-0.021691309199686426
141,2014-12-26,2015-01-28,65.25,0.0027510362881894013
142,2014-12-29,2015-01-29,61.56999969482422,0.02978253099456596
143,2014-12-30,2015-01-30,60.63999938964844,0.03929023422374578
144,2014-12-31,2015-02-02,60.7599983215332,0.030322399146277323
145,2015-01-02,2015-02-03,62.68000030517578,0.0004783731420002768
146,2015-01-05,2015-02-04,63.79999923706055,-0.048307568143680424
147,2015-01-06,2015-02-05,63.81000137329102,-0.054710766500678076
148,2015-01-07,2015-02-06,65.13999938964844,-0.14865103934526314
149,2015-01-08,2015-02-09,66.12000274658203,-0.10200004577636723
150,2015-01-09,2015-02-10,66.41999816894531,-0.053115561920575205
151,2015-01-12,2015-02-11,66.06999969482422,-0.07413431145704763
152,2015-01-13,2015-02-12,65.26999664306639,-0.07017535410415787
153,2015-01-14,2015-02-13,65.05999755859375,-0.033847087924497865
154,2015-01-15,2015-02-17,63.209999084472656,0.0121894448122295
155,2015-01-16,2015-02-18,64.54000091552734,0.00981895346198114
156,2015-01-20,2015-02-19,65.47000122070311,0.03706422594858283
157,2015-01-21,2015-02-20,64.27999877929689,0.06160585723654177
158,2015-01-22,2015-02-23,63.5,0.08037657938403997
159,2015-01-23,2015-02-24,63.40999984741211,0.04431045507643383
160,2015-01-26,2015-02-25,64.34999847412111,0.03998210284920267
161,2015-01-27,2015-02-26,63.61999893188477,0.07488727588444433
162,2015-01-28,2015-02-27,65.43000030517578,0.05461636800028402
163,2015-01-29,2015-03-02,63.459999084472656,0.08122195794322484
164,2015-01-30,2015-03-03,63.11999893188477,0.09035884872336541
165,2015-02-02,2015-03-04,62.65999984741211,0.07060217221610265
166,2015-02-03,2015-03-05,62.709999084472656,0.09483256077636593
167,2015-02-04,2015-03-06,60.86000061035156,0.10354984301809811
168,2015-02-05,2015-03-09,60.5,0.11665933877910306
169,2015-02-06,2015-03-10,56.709999084472656,0.1662745974237948
170,2015-02-09,2015-03-11,60.0,0.12778021221894265
171,2015-02-10,2015-03-12,63.06999969482422,0.08501379057605418
172,2015-02-11,2015-03-13,61.5099983215332,0.10919629829086097
173,2015-02-12,2015-03-16,60.9900016784668,0.1473507239018813
174,2015-02-13,2015-03-17,62.93000030517578,0.14555330615894646
175,2015-02-17,2015-03-18,63.9900016784668,0.13794963243134906
176,2015-02-18,2015-03-19,65.18000030517578,0.11017064429794154
177,2015-02-19,2015-03-20,67.98999786376953,0.054381134619337246
178,2015-02-20,2015-03-23,68.5,0.057123213196363376
179,2015-02-23,2015-03-24,69.05000305175781,0.015259550098582597
180,2015-02-24,2015-03-25,66.34999847412111,0.034487815839386204
181,2015-02-25,2015-03-26,67.02999877929689,0.026151431118307422
182,2015-02-26,2015-03-27,68.76999664306639,-0.013111364550086435
183,2015-02-27,2015-03-30,69.20999908447266,-0.01007008866332293
184,2015-03-02,2015-03-31,69.06999969482422,0.020700398550144605
185,2015-03-03,2015-04-01,69.38999938964844,0.003303696464517669
186,2015-03-04,2015-04-02,67.41999816894531,-0.021360339146860197
187,2015-03-05,2015-04-06,69.27999877929689,-0.05304754241074727
188,2015-03-06,2015-04-07,67.88999938964844,-0.026148664325571058
189,2015-03-09,2015-04-08,68.48999786376953,-0.03600056317417888
190,2015-03-10,2015-04-09,68.01999664306639,-0.03641626526997843
191,2015-03-11,2015-04-10,68.79000091552734,-0.0542528875942887
192,2015-03-12,2015-04-13,68.93000030517578,-0.0421832618880249
193,2015-03-13,2015-04-14,69.05000305175781,-0.04116410388262781
194,2015-03-16,2015-04-15,71.52999877929688,-0.05517034685439692
195,2015-03-17,2015-04-16,73.6500015258789,-0.12151672878692499
196,2015-03-18,2015-04-17,74.2300033569336,-0.1425273505040312
197,2015-03-19,2015-04-20,73.25,-0.12571077829321764
198,2015-03-20,2015-04-21,71.9000015258789,-0.09154392785583676
199,2015-03-23,2015-04-22,72.6500015258789,-0.09627290185595672
200,2015-03-24,2015-04-23,70.12000274658203,-0.0600151342271702
201,2015-03-25,2015-04-24,68.72000122070311,-0.03509567483770715
202,2015-03-26,2015-04-27,68.83000183105469,-0.0654799296725701
203,2015-03-27,2015-04-28,67.87999725341797,-0.03302386545700142
204,2015-03-30,2015-04-29,68.51999664306639,-0.058060444453450266
205,2015-03-31,2015-04-30,70.52999877929688,-0.10185902867477026
206,2015-04-01,2015-05-01,69.62000274658203,-0.0758770473122683
207,2015-04-02,2015-05-04,66.01000213623047,-0.021036358518988996
208,2015-04-06,2015-05-05,65.79000091552734,-0.030868085711741156
209,2015-04-07,2015-05-06,66.16000366210939,-0.04139784248932754
210,2015-04-08,2015-05-07,66.11000061035156,-0.01785994944747671
211,2015-04-09,2015-05-08,65.62999725341797,0.0025836746269771727
212,2015-04-10,2015-05-11,65.25,0.03547674015884228
213,2015-04-13,2015-05-12,66.13999938964844,-0.004403962372775183
214,2015-04-14,2015-05-13,66.31999969482422,-0.00015083903783330577
215,2015-04-15,2015-05-14,67.79000091552734,0.016253122726183844
216,2015-04-16,2015-05-15,65.66999816894531,-0.003821461433771045
217,2015-04-17,2015-05-18,64.97000122070311,0.040750066431939014
218,2015-04-20,2015-05-19,65.06999969482422,0.03671359355873571
219,2015-04-21,2015-05-20,65.87000274658203,0.023858929019838993
220,2015-04-22,2015-05-21,66.26999664306639,0.024149711833369336
221,2015-04-23,2015-05-22,66.15000152587889,0.03949471630938961
222,2015-04-24,2015-05-26,66.38999938964844,0.03432728160511367
223,2015-04-27,2015-05-27,64.59999847412111,0.05236907423668535
224,2015-04-28,2015-05-28,65.70999908447266,0.04837080115378978
225,2015-04-29,2015-05-29,64.76000213623047,0.07366616015027017
226,2015-04-30,2015-06-01,64.01000213623047,0.08308259024783893
227,2015-05-01,2015-06-02,64.70999908447266,0.09635527813249978
228,2015-05-04,2015-06-03,64.65000152587889,0.13627250709656036
229,2015-05-05,2015-06-04,63.81999969482422,0.13745098611396533
230,2015-05-06,2015-06-05,63.52999877929688,0.17589827737388086
231,2015-05-07,2015-06-08,64.94999694824219,0.17502865262456302
232,2015-05-08,2015-06-09,65.80000305175781,0.1752318368193171
233,2015-05-11,2015-06-10,67.65000152587889,0.16491791455436244
234,2015-05-12,2015-06-11,65.84999847412111,0.18035845810632212
235,2015-05-13,2015-06-12,66.30999755859375,0.18297197429093448
236,2015-05-14,2015-06-15,68.91000366210939,0.17215274590843443
237,2015-05-15,2015-06-16,65.41999816894531,0.23008123774151967
238,2015-05-18,2015-06-17,67.73000335693361,0.20986931413417398
239,2015-05-19,2015-06-18,67.55000305175781,0.22418739762814943
240,2015-05-20,2015-06-19,67.48000335693361,0.22177368158896227
241,2015-05-21,2015-06-22,67.91000366210939,0.22547897552755103
242,2015-05-22,2015-06-23,68.87000274658203,0.21255427089515055
243,2015-05-26,2015-06-24,68.75,0.21167296500705246
244,2015-05-27,2015-06-25,68.16999816894531,0.2013824076674342
245,2015-05-28,2015-06-26,69.05000305175781,0.1603841823276908
246,2015-05-29,2015-06-29,69.91000366210939,0.13648709915169144
247,2015-06-01,2015-06-30,69.80999755859375,0.145950582541716
248,2015-06-02,2015-07-01,71.61000061035156,0.12499995338835002
249,2015-06-03,2015-07-02,74.8499984741211,0.0856340347417982
250,2015-06-04,2015-07-06,73.98999786376953,0.08450880792928395
251,2015-06-05,2015-07-07,77.08999633789062,0.03456483643045993
252,2015-06-08,2015-07-08,78.7300033569336,-0.016002136112379883
253,2015-06-09,2015-07-09,79.77999877929688,-0.019031777319522547
254,2015-06-10,2015-07-10,81.01000213623047,-0.00596055338643553
255,2015-06-11,2015-07-13,80.33999633789062,-0.010947465758448294
256,2015-06-12,2015-07-14,81.16000366210938,0.004782334458049209
257,2015-06-15,2015-07-15,83.23999786376953,-0.0166096807031193
258,2015-06-16,2015-07-16,84.97000122070312,-0.012391289309493958
259,2015-06-17,2015-07-17,85.72000122070312,-0.01204255382776731
260,2015-06-18,2015-07-20,87.06999969482422,-0.035807782817651734
261,2015-06-19,2015-07-21,86.70999908447266,-0.03744911683233543
262,2015-06-22,2015-07-22,87.68000030517578,-0.029108021663899475
263,2015-06-23,2015-07-23,87.45999908447266,-0.03884067642523492
264,2015-06-24,2015-07-24,87.20999908447266,-0.029390909205523563
265,2015-06-25,2015-07-27,85.36000061035156,-0.0316654920742907
266,2015-06-26,2015-07-28,82.23999786376953,-0.01845198592903441
267,2015-06-29,2015-07-29,80.95999908447266,-0.006839888040229614
268,2015-06-30,2015-07-30,81.73999786376953,0.038013455461109236
269,2015-07-01,2015-07-31,81.83999633789062,0.03113537166811242
270,2015-07-02,2015-08-03,81.86000061035156,0.032730671546306045
271,2015-07-06,2015-08-04,80.81999969482422,0.025560678613190668
272,2015-07-07,2015-08-05,79.8499984741211,0.056034969487832154
273,2015-07-08,2015-08-06,77.48999786376953,0.050134884475183106
274,2015-07-09,2015-08-07,78.29000091552734,0.0688629970199266
275,2015-07-10,2015-08-10,80.52999877929688,0.03579978429055353
276,2015-07-13,2015-08-11,79.47000122070312,0.000628715096501975
277,2015-07-14,2015-08-12,81.55000305175781,-0.014934718113569279
278,2015-07-15,2015-08-13,81.87999725341797,-0.006020369424303729
279,2015-07-16,2015-08-14,83.93000030517578,-0.038737588306933635
280,2015-07-17,2015-08-17,84.69999694824219,-0.033178744570989904
281,2015-07-20,2015-08-18,84.05999755859375,-0.05232849835879194
282,2015-07-21,2015-08-19,83.58000183105469,-0.050792065237941
283,2015-07-22,2015-08-20,85.19999694824219,-0.14995277580638455
284,2015-07-23,2015-08-21,84.19000244140625,-0.13816413481202838
285,2015-07-24,2015-08-24,84.72000122070312,-0.18290977341167824
286,2015-07-27,2015-08-25,82.73999786376953,-0.14836910977411688
287,2015-07-28,2015-08-26,80.75,-0.08142496290542711
288,2015-07-29,2015-08-27,80.41000366210938,-0.06871352930791841
289,2015-07-30,2015-08-28,84.97000122070312,-0.1126096394504319
290,2015-07-31,2015-08-31,84.47000122070312,-0.12942907055328146
291,2015-08-03,2015-09-01,84.62999725341797,-0.17688767825791363
292,2015-08-04,2015-09-02,82.94000244140625,-0.13306018988021218
293,2015-08-05,2015-09-03,84.58999633789062,-0.14372630320447977
294,2015-08-06,2015-09-04,81.58000183105469,-0.0896219959705955
295,2015-08-07,2015-09-08,84.08000183105469,-0.07436748704265428
296,2015-08-10,2015-09-09,83.5199966430664,-0.12819124706541918
297,2015-08-11,2015-09-10,79.5199966430664,-0.13795076944106377
298,2015-08-12,2015-09-11,80.3499984741211,-0.2465094572655071
299,2015-08-13,2015-09-14,81.38999938964844,-0.28802027470288216
300,2015-08-14,2015-09-15,80.80000305175781,-0.2724409929410678
301,2015-08-17,2015-09-16,81.9800033569336,-0.29082043022410375
302,2015-08-18,2015-09-17,79.87999725341797,-0.23404902071369293
303,2015-08-19,2015-09-18,79.54000091552734,-0.18929432090343523
304,2015-08-20,2015-09-21,74.08999633789062,-0.11129441087042835
305,2015-08-21,2015-09-22,73.97000122070312,-0.114677524719077
306,2015-08-24,2015-09-23,71.62000274658203,-0.09310144102641926
307,2015-08-25,2015-09-24,72.05000305175781,-0.10846158541165862
308,2015-08-26,2015-09-25,74.66999816894531,-0.17590548297551667
309,2015-08-27,2015-09-28,75.23999786376953,-0.20886882767871695
310,2015-08-28,2015-09-29,76.37000274658203,-0.254641105416187
311,2015-08-31,2015-09-30,74.79000091552734,-0.22225858137022514
312,2015-09-01,2015-10-01,71.91000366210938,-0.17885251905097332
313,2015-09-02,2015-10-02,73.19999694824219,-0.16560506110713824
314,2015-09-03,2015-10-05,73.95999908447266,-0.15725237460577923
315,2015-09-04,2015-10-06,74.87000274658203,-0.11116066783134393
316,2015-09-08,2015-10-07,78.26000213623047,-0.16858295818631652
317,2015-09-09,2015-10-08,74.02999877929688,-0.1090636521242978
318,2015-09-10,2015-10-09,69.87999725341797,-0.03972620451295539
319,2015-09-11,2015-10-12,64.45999908447266,0.032132123703876636
320,2015-09-14,2015-10-13,63.18999862670898,0.0377645745604589
321,2015-09-15,2015-10-14,63.5,0.022023722446552818
322,2015-09-16,2015-10-15,63.5099983215332,0.05631507516143597
323,2015-09-17,2015-10-16,64.73000335693361,0.042455550029135036
324,2015-09-18,2015-10-19,66.87999725341797,-0.014101597395154597
325,2015-09-21,2015-10-20,66.66999816894531,-0.031085592220802427
326,2015-09-22,2015-10-21,66.36000061035156,-0.02931595088975314
327,2015-09-23,2015-10-22,65.51999664306639,0.023983326027465335
328,2015-09-24,2015-10-23,65.0,0.04970762353846603
329,2015-09-25,2015-10-26,63.5,0.06576432456119452
330,2015-09-28,2015-10-27,62.2400016784668,0.05553869139099821
331,2015-09-29,2015-10-28,60.86999893188477,0.07786703587340948
332,2015-09-30,2015-10-29,61.18999862670898,0.06092702290176477
333,2015-10-01,2015-10-30,61.0,0.05441020027899146
334,2015-10-02,2015-11-02,62.79999923706055,-0.014539542633215996
335,2015-10-05,2015-11-03,63.90999984741211,-0.02699663052440715
336,2015-10-06,2015-11-04,67.37999725341797,-0.06952376592726939
337,2015-10-07,2015-11-05,66.97000122070311,-0.08085865413587423
338,2015-10-08,2015-11-06,66.75,0.05265397576893005
339,2015-10-09,2015-11-09,67.20999908447266,0.024528336777633775
340,2015-10-12,2015-11-10,66.59999847412111,0.03338175618027961
341,2015-10-13,2015-11-11,65.66999816894531,0.02349445101940051
342,2015-10-14,2015-11-12,64.93000030517578,0.014420112140986818
343,2015-10-15,2015-11-13,67.30000305175781,-0.032366935593353574
344,2015-10-16,2015-11-16,67.59999847412111,0.004124908524252513
345,2015-10-19,2015-11-17,65.94999694824219,0.0462762763127218
346,2015-10-20,2015-11-18,64.66000366210939,0.07217676285096941
347,2015-10-21,2015-11-19,64.47000122070311,0.09743803800555706
348,2015-10-22,2015-11-20,67.12999725341797,0.06006722242388285
349,2015-10-23,2015-11-23,68.40000152587889,0.07530079225232289
350,2015-10-26,2015-11-24,67.97000122070311,0.08985001415442717
351,2015-10-27,2015-11-25,65.90000152587889,0.106561827314411
352,2015-10-28,2015-11-27,66.01000213623047,0.09575339539410321
353,2015-10-29,2015-11-30,65.16000366210939,0.11371046467186474
354,2015-10-30,2015-12-01,64.51000213623047,0.13176312938651658
355,2015-11-02,2015-12-02,61.9000015258789,0.17817310439882417
356,2015-11-03,2015-12-03,62.22999954223633,0.1726934521092709
357,2015-11-04,2015-12-04,63.0,0.1509433613057246
358,2015-11-05,2015-12-07,61.959999084472656,0.16518461243046478
359,2015-11-06,2015-12-08,70.45999908447266,0.037431666366146366
360,2015-11-09,2015-12-09,68.90000152587889,0.04092420603954139
361,2015-11-10,2015-12-10,68.90000152587889,0.02269501381732064
362,2015-11-11,2015-12-11,67.25,0.004293765347886946
363,2015-11-12,2015-12-14,65.87999725341797,0.06393862142103823
364,2015-11-13,2015-12-15,65.19000244140625,0.09218765272601326
365,2015-11-16,2015-12-16,67.87999725341797,0.051955325418724274
366,2015-11-17,2015-12-17,69.15000152587889,0.05091955878937471
367,2015-11-18,2015-12-18,69.69000244140625,0.008253795778676354
368,2015-11-19,2015-12-21,71.43000030517578,0.0018166190309261143
369,2015-11-20,2015-12-22,71.41999816894531,0.018281812110717333
370,2015-11-23,2015-12-23,73.97000122070312,0.010434766278219043
371,2015-11-24,2015-12-24,74.68000030517578,0.004399437697060082
372,2015-11-25,2015-12-28,73.76000213623047,0.054843653627447586
373,2015-11-27,2015-12-29,73.0,0.07242690176965116
374,2015-11-30,2015-12-30,73.5199966430664,0.0664127410404266
375,2015-12-01,2015-12-31,74.30000305175781,0.04547781927900263
376,2015-12-02,2016-01-04,75.31999969482422,0.026873408140169475
377,2015-12-03,2016-01-05,75.22000122070312,0.039090413979452454
378,2015-12-04,2016-01-06,74.19999694824219,-0.009111902353709178
379,2015-12-07,2016-01-07,74.22000122070312,-0.0795636541193181
380,2015-12-08,2016-01-08,73.19999694824219,-0.06287199112787967
381,2015-12-09,2016-01-11,71.83999633789062,-0.05631516073162768
382,2015-12-10,2016-01-12,70.5,-0.0604692605306123
383,2015-12-11,2016-01-13,67.54000091552734,-0.04373360950539329
384,2015-12-14,2016-01-14,70.37999725341797,-0.07631133063689055
385,2015-12-15,2016-01-15,71.80999755859375,-0.10732458362740105
386,2015-12-16,2016-01-19,71.5999984741211,-0.1437699715555203
387,2015-12-17,2016-01-20,72.86000061035156,-0.14993686724251587
388,2015-12-18,2016-01-21,70.26999664306639,-0.12360082530187255
389,2015-12-21,2016-01-22,71.55999755859375,-0.11238917335222043
390,2015-12-22,2016-01-25,72.75,-0.2145241760731751
391,2015-12-23,2016-01-26,74.75,-0.24562576388504387
392,2015-12-24,2016-01-27,75.01000213623047,-0.23270343495787404
393,2015-12-28,2016-01-28,78.04000091552734,-0.31269974624082275
394,2015-12-29,2016-01-29,78.69999694824219,-0.31101113690817206
395,2015-12-30,2016-02-01,78.75,-0.3288896765186837
396,2015-12-31,2016-02-02,77.83999633789062,-0.3504510264077121
397,2016-01-04,2016-02-03,77.4000015258789,-0.24939468236749662
398,2016-01-05,2016-02-04,78.27999877929688,-0.2550905903459715
399,2016-01-06,2016-02-05,73.52999877929688,-0.24164129117901822
400,2016-01-07,2016-02-08,68.75,-0.27409194155793193
401,2016-01-08,2016-02-09,68.87000274658203,-0.2994340140864533
402,2016-01-11,2016-02-10,68.01000213623047,-0.26955390187917816
403,2016-01-12,2016-02-11,66.48000335693361,-0.22273321064840101
404,2016-01-13,2016-02-12,64.70999908447266,-0.1506045013019417
405,2016-01-14,2016-02-16,65.38999938964844,-0.10549446665761208
406,2016-01-15,2016-02-17,64.84999847412111,-0.08336113954042679
407,2016-01-19,2016-02-18,62.599998474121094,-0.0765261707905851
408,2016-01-20,2016-02-19,63.36000061035156,0.025230759840745187
409,2016-01-21,2016-02-22,62.540000915527344,0.043730895162438777
410,2016-01-22,2016-02-23,64.33000183105469,0.02471190533721035
411,2016-01-25,2016-02-24,59.9000015258789,0.11167134428618553
412,2016-01-26,2016-02-25,60.0099983215332,0.113065399446029
413,2016-01-27,2016-02-26,60.849998474121094,0.11837146575355617
414,2016-01-28,2016-02-29,59.45000076293945,0.13262328612733654
415,2016-01-29,2016-03-01,60.02999877929688,0.13301558880162623
416,2016-02-01,2016-03-02,59.2599983215332,0.11154421240052337
417,2016-02-02,2016-03-03,57.63999938964844,0.14098359611917388
418,2016-02-03,2016-03-04,61.95000076293945,0.035797653495105775
419,2016-02-04,2016-03-07,62.36999893188477,0.031521778662976785
420,2016-02-05,2016-03-08,59.22000122070313,0.04298642213150683
421,2016-02-08,2016-03-09,53.959999084472656,0.15343586972791223
422,2016-02-09,2016-03-10,53.0,0.13271151250778734
423,2016-02-10,2016-03-11,53.56999969482422,0.14711035625603364
424,2016-02-11,2016-03-14,54.36999893188477,0.03820979823199944
425,2016-02-12,2016-03-15,56.2400016784668,-0.002495600858354541
426,2016-02-16,2016-03-16,59.1500015258789,-0.02406515312912494
427,2016-02-17,2016-03-17,59.86000061035156,-0.023073018758257735
428,2016-02-18,2016-03-18,58.1500015258789,0.003769015076779403
429,2016-02-19,2016-03-21,65.0,-0.06907896078359399
430,2016-02-22,2016-03-22,65.40000152587889,-0.0989750188282974
431,2016-02-23,2016-03-23,65.95999908447266,-0.10913061595011664
432,2016-02-24,2016-03-24,67.43000030517578,-0.14268771772816757
433,2016-02-25,2016-03-28,67.66000366210939,-0.1452268375954031
434,2016-02-26,2016-03-29,69.01999664306639,-0.11520435165185194
435,2016-02-29,2016-03-30,68.54000091552734,-0.0982214562266086
436,2016-03-01,2016-03-31,69.23999786376953,-0.09730585638867506
437,2016-03-02,2016-04-01,66.69999694824219,-0.07338264569332087
438,2016-03-03,2016-04-04,67.09999847412111,-0.05886065338655988
439,2016-03-04,2016-04-05,64.25,-0.02603003985816521
440,2016-03-07,2016-04-06,64.40000152587889,0.008315381817464274
441,2016-03-08,2016-04-07,61.88000106811523,0.03493452249713458
442,2016-03-09,2016-04-08,63.7400016784668,0.01953546248317828
443,2016-03-10,2016-04-11,61.11000061035156,0.03854626667722183
444,2016-03-11,2016-04-12,62.81000137329102,-0.015193186643515766
445,2016-03-14,2016-04-13,56.52999877929688,0.12586979465166082
446,2016-03-15,2016-04-14,56.099998474121094,0.13009768440947544
447,2016-03-16,2016-04-15,57.7599983215332,0.08881528825246543
448,2016-03-17,2016-04-18,58.5099983215332,0.08406391134615032
449,2016-03-18,2016-04-19,58.36999893188477,0.07422680986211472
450,2016-03-21,2016-04-20,60.79999923706055,0.04925725548551374
451,2016-03-22,2016-04-21,59.5099983215332,0.05868400549721886
452,2016-03-23,2016-04-22,59.47000122070313,0.09413556986346205
453,2016-03-24,2016-04-25,59.0099983215332,0.104688286408682
454,2016-03-28,2016-04-26,59.08000183105469,0.10484845710523205
455,2016-03-29,2016-04-27,61.88999938964844,0.07253115126334353
456,2016-03-30,2016-04-28,62.40999984741211,0.05094285553516853
457,2016-03-31,2016-04-29,63.099998474121094,0.05283704784358523
458,2016-04-01,2016-05-02,62.13999938964844,0.07350529786205184
459,2016-04-04,2016-05-03,63.36999893188477,0.014003388177844411
460,2016-04-05,2016-05-04,62.61999893188477,-0.0011190998509678085
461,2016-04-06,2016-05-05,64.94000244140625,-0.02139038331526577
462,2016-04-07,2016-05-06,64.12000274658203,0.04055063609490084
463,2016-04-08,2016-05-09,65.01000213623047,0.0038308303986586134
464,2016-04-11,2016-05-10,63.56000137329102,0.058788649159919326
465,2016-04-12,2016-05-11,61.86999893188477,0.08082006869742386
466,2016-04-13,2016-05-12,64.66999816894531,0.02854140806052352
467,2016-04-14,2016-05-13,64.48999786376953,0.04402610822724917
468,2016-04-15,2016-05-16,63.38999938964844,0.06793122484142444
469,2016-04-18,2016-05-17,63.88000106811523,0.04514200880242791
470,2016-04-19,2016-05-18,63.04999923706055,0.07320299326172963
471,2016-04-20,2016-05-19,63.95000076293945,0.06231666239703948
472,2016-04-21,2016-05-20,63.22000122070313,0.09840275606970417
473,2016-04-22,2016-05-23,65.65000152587889,0.08297241396655664
474,2016-04-25,2016-05-24,65.91000366210939,0.08863379507416647
475,2016-04-26,2016-05-25,66.0,0.0828237793260157
476,2016-04-27,2016-05-26,66.73000335693361,0.07345172914059117
477,2016-04-28,2016-05-27,65.76000213623047,0.09744713717600995
478,2016-04-29,2016-05-31,66.62000274658203,0.09100829697946144
479,2016-05-02,2016-06-01,67.06999969482422,0.09462745630348846
480,2016-05-03,2016-06-02,64.26999664306639,0.14192262571770053
481,2016-05-04,2016-06-03,62.54999923706055,0.1668886825840682
482,2016-05-05,2016-06-06,63.58000183105469,0.14840612493403726
483,2016-05-06,2016-06-07,66.83000183105469,0.10391525623123465
484,2016-05-09,2016-06-08,65.26000213623047,0.12777329053177044
485,2016-05-10,2016-06-09,67.52999877929689,0.10103838777655649
486,2016-05-11,2016-06-10,67.30999755859375,0.07895462681842769
487,2016-05-12,2016-06-13,66.56999969482422,0.07810551808830046
488,2016-05-13,2016-06-14,67.45999908447266,0.06887505968198115
489,2016-05-16,2016-06-15,68.01000213623047,0.0693760203584145
490,2016-05-17,2016-06-16,66.90000152587889,0.07736864494654971
491,2016-05-18,2016-06-17,68.02999877929689,0.0559256024956144
492,2016-05-19,2016-06-20,68.19999694824219,0.059310386920797376
493,2016-05-20,2016-06-21,70.12000274658203,0.03442577672055602
494,2016-05-23,2016-06-22,71.58999633789062,-0.003223034270906311
495,2016-05-24,2016-06-23,72.31999969482422,0.02031969664320077
496,2016-05-25,2016-06-24,71.95999908447266,-0.07966987902516398
497,2016-05-26,2016-06-27,72.0199966430664,-0.18201208406934088
498,2016-05-27,2016-06-28,72.86000061035156,-0.17516130016696074
499,2016-05-31,2016-06-29,73.29000091552734,-0.14946679493207649
500,2016-06-01,2016-06-30,74.08000183105469,-0.15066798681979976
501,2016-06-02,2016-07-01,74.9000015258789,-0.17656301767841942
502,2016-06-03,2016-07-05,75.08000183105469,-0.18329394686009537
503,2016-06-06,2016-07-06,74.66000366210938,-0.15519119348501853
504,2016-06-07,2016-07-07,74.58000183105469,-0.13000002774325292
505,2016-06-08,2016-07-08,74.81999969482422,-0.10468028918479
506,2016-06-09,2016-07-11,75.12000274658203,-0.07621775733848257
507,2016-06-10,2016-07-12,73.08000183105469,-0.042659518467511814
508,2016-06-13,2016-07-13,72.20999908447266,-0.027754012083023305
509,2016-06-14,2016-07-14,72.44999694824219,-0.034999956403459764
510,2016-06-15,2016-07-15,73.08000183105469,-0.04414922219742912
511,2016-06-16,2016-07-18,72.51000213623047,-0.015830833935180477
512,2016-06-17,2016-07-19,72.05999755859375,-0.015501669790209949
513,2016-06-20,2016-07-20,72.5,-0.016972914419041807
514,2016-06-21,2016-07-21,72.62000274658203,-0.03197385124600238
515,2016-06-22,2016-07-22,71.36000061035156,-0.012773226477052813
516,2016-06-23,2016-07-25,73.81999969482422,-0.037234812337471945
517,2016-06-24,2016-07-26,66.65000152587889,0.06113532143245215
518,2016-06-27,2016-07-27,60.93000030517578,0.1381894917225922
519,2016-06-28,2016-07-28,62.0,0.10945134222874087
520,2016-06-29,2016-07-29,63.7599983215332,0.10537391153734288
521,2016-06-30,2016-08-01,64.37999725341797,0.10732120352742058
522,2016-07-01,2016-08-02,63.65999984741211,0.0930332293327003
523,2016-07-05,2016-08-03,63.45000076293945,0.11009820410694682
524,2016-07-06,2016-08-04,64.62999725341797,0.10223643323728504
525,2016-07-07,2016-08-05,66.0,0.08013937282229966
526,2016-07-08,2016-08-08,67.73000335693361,0.06021918074466559
527,2016-07-11,2016-08-09,69.80000305175781,0.05752085670088736
528,2016-07-12,2016-08-10,70.08999633789061,0.052837887325802524
529,2016-07-13,2016-08-11,70.26000213623047,0.06891064154958604
530,2016-07-14,2016-08-12,70.0,0.07627340818691031
531,2016-07-15,2016-08-15,69.98999786376953,0.10555913273137985
532,2016-07-18,2016-08-16,71.37999725341797,0.0801546564820802
533,2016-07-19,2016-08-17,70.95999908447266,0.08249285693710673
534,2016-07-20,2016-08-18,71.29000091552734,0.09793746657373281
535,2016-07-21,2016-08-19,70.37000274658203,0.11059150273320739
536,2016-07-22,2016-08-22,70.45999908447266,0.09060407806284287
537,2016-07-25,2016-08-23,71.16999816894531,0.08803181273688487
538,2016-07-26,2016-08-24,70.98999786376953,0.08435445657808704
539,2016-07-27,2016-08-25,70.69999694824219,0.10267805398249252
540,2016-07-28,2016-08-26,69.62000274658203,0.11862255184950765
541,2016-07-29,2016-08-29,71.2699966430664,0.10655635398900098
542,2016-08-01,2016-08-30,72.12000274658203,0.09499309151596802
543,2016-08-02,2016-08-31,70.19000244140625,0.11910137835620827
544,2016-08-03,2016-09-01,71.30000305175781,0.10505830688533957
545,2016-08-04,2016-09-02,71.98999786376953,0.11068560126322802
546,2016-08-05,2016-09-06,71.75,0.11627050323368293
547,2016-08-08,2016-09-07,72.06999969482422,0.11407497176842618
548,2016-08-09,2016-09-08,74.05999755859375,0.08961279720056081
549,2016-08-10,2016-09-09,74.0,0.07221667479888427
550,2016-08-11,2016-09-12,75.45999908447266,0.0672435394165729
551,2016-08-12,2016-09-13,75.77999877929688,0.06131555025151103
552,2016-08-15,2016-09-14,78.25,0.05870320479551472
553,2016-08-16,2016-09-15,77.5999984741211,0.08089543771606489
554,2016-08-17,2016-09-16,77.33999633789062,0.09043869871580679
555,2016-08-18,2016-09-19,79.02999877929688,0.03657198640306647
556,2016-08-19,2016-09-20,79.12000274658203,0.03299922950761125
557,2016-08-22,2016-09-21,77.4800033569336,0.07508646935887675
558,2016-08-23,2016-09-22,78.04000091552734,0.08543303362351795
559,2016-08-24,2016-09-23,77.52999877929688,0.09554365754521477
560,2016-08-25,2016-09-26,78.79000091552734,0.07403920194503388
561,2016-08-26,2016-09-27,78.98999786376953,0.08491661094727965
562,2016-08-29,2016-09-28,79.7699966430664,0.06984614440247905
563,2016-08-30,2016-09-29,79.69000244140625,0.06489085543398743
564,2016-08-31,2016-09-30,79.68000030517578,0.06346969216810561
565,2016-09-01,2016-10-03,79.66999816894531,0.06325696284265225
566,2016-09-02,2016-10-04,80.94999694824219,0.05043991849569285
567,2016-09-06,2016-10-05,81.19000244140625,0.044486274273182747
568,2016-09-07,2016-10-06,81.3499984741211,0.048204079650627785
569,2016-09-08,2016-10-07,81.3499984741211,0.04451492768025722
570,2016-09-09,2016-10-10,79.76000213623047,0.07823872343201965
571,2016-09-12,2016-10-11,80.9000015258789,0.025418630960745814
572,2016-09-13,2016-10-12,80.7300033569336,0.016567097595657887
573,2016-09-14,2016-10-13,83.12999725341797,-0.029346149758511242
574,2016-09-15,2016-10-14,84.43000030517578,-0.04947176516978802
575,2016-09-16,2016-10-17,85.02999877929688,-0.05339441889760921
576,2016-09-19,2016-10-18,82.02999877929688,-0.01446943062223438
577,2016-09-20,2016-10-19,81.81999969482422,0.0009768233158018447
578,2016-09-21,2016-10-20,83.7699966430664,-0.02333247029652874
579,2016-09-22,2016-10-21,85.33000183105469,-0.02093802299188008
580,2016-09-23,2016-10-24,85.72000122070312,-0.020111894156335852
581,2016-09-26,2016-10-25,85.08999633789062,-0.009131838779094181
582,2016-09-27,2016-10-26,86.31999969482422,-0.024934676367647235
583,2016-09-28,2016-10-27,85.76000213623047,-0.01359179195819804
584,2016-09-29,2016-10-28,85.22000122070312,-0.0014101380579756295
585,2016-09-30,2016-10-31,85.08000183105469,-0.003893826915099652
586,2016-10-03,2016-11-01,85.05000305175781,-0.010455089722660516
587,2016-10-04,2016-11-02,85.25,-0.02822332932738769
588,2016-10-05,2016-11-03,84.97000122070312,-0.0352095434354025
589,2016-10-06,2016-11-04,85.47000122070312,-0.025927304350119584
590,2016-10-07,2016-11-07,85.13999938964844,0.00815467122676472
591,2016-10-10,2016-11-08,86.52999877929688,-0.005344476427369127
592,2016-10-11,2016-11-09,83.01000213623047,0.02798594083074102
593,2016-10-12,2016-11-10,82.08999633789062,0.04446522129417119
594,2016-10-13,2016-11-11,80.76000213623047,0.06256528490053848
595,2016-10-14,2016-11-14,80.44999694824219,0.08402601308159252
596,2016-10-17,2016-11-15,80.72000122070312,0.08053308601314468
597,2016-10-18,2016-11-16,80.86000061035156,0.08186668683384113
598,2016-10-19,2016-11-17,81.9000015258789,0.06974101914809894
599,2016-10-20,2016-11-18,81.86000061035156,0.06956129248771759
600,2016-10-21,2016-11-21,83.58000183105469,0.11536834397327511
601,2016-10-24,2016-11-22,84.02999877929688,0.11342055432003406
602,2016-10-25,2016-11-23,84.31999969482422,0.1141926932218853
603,2016-10-26,2016-11-25,84.22000122070312,0.11028947852856663
604,2016-10-27,2016-11-28,84.61000061035156,0.11837032891379107
605,2016-10-28,2016-11-29,85.0999984741211,0.10918036677957288
606,2016-10-31,2016-11-30,84.75,0.10610692772538632
607,2016-11-01,2016-12-01,84.16999816894531,0.09785642641134373
608,2016-11-02,2016-12-02,82.91000366210938,0.11012122688069037
609,2016-11-03,2016-12-05,82.08000183105469,0.11504041152501687
610,2016-11-04,2016-12-06,83.30999755859375,0.11240148074955669
611,2016-11-07,2016-12-07,85.83999633789062,0.12291821877067999
612,2016-11-08,2016-12-08,86.06999969482422,0.10119049942815406
613,2016-11-09,2016-12-09,85.4000015258789,0.09543482456029762
614,2016-11-10,2016-12-12,85.91000366210938,0.07762503516123709
615,2016-11-11,2016-12-13,86.1500015258789,0.09344414782158827
616,2016-11-14,2016-12-14,87.83000183105469,0.10267670315052368
617,2016-11-15,2016-12-15,87.79000091552734,0.09298481160109373
618,2016-11-16,2016-12-16,88.06999969482422,0.08905668786898657
619,2016-11-17,2016-12-19,88.04000091552734,0.10108230834282128
620,2016-11-18,2016-12-20,87.9800033569336,0.10224486370475927
621,2016-11-21,2016-12-21,94.4800033569336,0.0354261735520236
622,2016-11-22,2016-12-22,94.77999877929688,0.02147431156254187
623,2016-11-23,2016-12-23,95.19000244140624,0.017951076635626895
624,2016-11-25,2016-12-27,94.66000366210938,0.0323041918071284
625,2016-11-28,2016-12-28,95.97000122070312,0.013161941175289238
626,2016-11-29,2016-12-29,95.52999877929688,0.012405712147126713
627,2016-11-30,2016-12-30,94.80999755859376,0.020254202257565912
628,2016-12-01,2017-01-03,93.3000030517578,0.038738868755545885
629,2016-12-02,2017-01-04,93.16999816894531,0.08414435176959878
630,2016-12-05,2017-01-05,92.75,0.09015109104680008
631,2016-12-06,2017-01-06,93.86000061035156,0.0732622260898177
632,2016-12-07,2017-01-09,97.87000274658205,0.01657952122327888
633,2016-12-08,2017-01-10,95.76000213623048,0.04640505992516464
634,2016-12-09,2017-01-11,94.41000366210938,0.050869583758893056
635,2016-12-12,2017-01-12,93.13999938964844,0.059191925357086506
636,2016-12-13,2017-01-13,95.02999877929688,0.05225888141217838
637,2016-12-14,2017-01-17,97.87999725341795,-0.10937315572170392
638,2016-12-15,2017-01-18,96.79000091552734,-0.09108332673254393
639,2016-12-16,2017-01-19,96.68000030517578,-0.07757466551245007
640,2016-12-19,2017-01-20,97.94000244140624,-0.09064586985544754
641,2016-12-20,2017-01-23,98.0,-0.09289619718024644
642,2016-12-21,2017-01-24,97.9499969482422,-0.05926241651559705
643,2016-12-22,2017-01-25,96.86000061035156,-0.04061021384762942
644,2016-12-23,2017-01-26,96.93000030517578,-0.04326764056200161
645,2016-12-27,2017-01-27,97.81999969482422,-0.043079558201265744
646,2016-12-28,2017-01-30,97.25,-0.038219300747692087
647,2016-12-29,2017-01-31,96.7300033569336,-0.029042588903548827
648,2016-12-30,2017-02-01,96.7699966430664,-0.026410669240656715
649,2017-01-03,2017-02-02,97.05999755859376,-0.02297639511258809
650,2017-01-04,2017-02-03,101.7300033569336,-0.06501263538641422
651,2017-01-05,2017-02-06,101.94000244140624,-0.06732279511421568
652,2017-01-06,2017-02-07,101.27999877929688,-0.055109918046201134
653,2017-01-09,2017-02-08,99.5199966430664,-0.02113685181556657
654,2017-01-10,2017-02-09,100.41999816894531,-0.026684395005612815
655,2017-01-11,2017-02-10,99.47000122070312,-0.0069852444820122095
656,2017-01-12,2017-02-13,99.0,0.009009024145467781
657,2017-01-13,2017-02-14,100.2699966430664,0.00446787700737461
658,2017-01-17,2017-02-15,88.2300033569336,0.12357201786310557
659,2017-01-18,2017-02-16,88.70999908447266,0.11440550358346202
660,2017-01-19,2017-02-17,89.72000122070312,0.2464303455360929
661,2017-01-20,2017-02-21,89.80000305175781,0.2676561650602236
662,2017-01-23,2017-02-22,89.66999816894531,0.2637931369275839
663,2017-01-24,2017-02-23,92.47000122070312,0.2153584860587946
664,2017-01-25,2017-02-24,93.08000183105469,0.22812833022859969
665,2017-01-26,2017-02-27,92.91000366210938,0.22825812664554168
666,2017-01-27,2017-02-28,93.77999877929688,0.21186653951650058
667,2017-01-30,2017-03-01,93.66999816894531,0.22355770355729376
668,2017-01-31,2017-03-02,94.0,0.21332327658780825
669,2017-02-01,2017-03-03,94.27999877929688,0.2141368857215028
670,2017-02-02,2017-03-06,94.87999725341795,0.20555976713577795
671,2017-02-03,2017-03-07,95.5199966430664,0.21110013876323408
672,2017-02-06,2017-03-08,95.51000213623048,0.2268274663640848
673,2017-02-07,2017-03-09,95.98999786376952,0.2201641017173298
674,2017-02-08,2017-03-10,97.45999908447266,0.21510831503863848
675,2017-02-09,2017-03-13,97.80999755859376,0.23268222623419976
676,2017-02-10,2017-03-14,98.77999877929688,0.2222047340212845
677,2017-02-13,2017-03-15,99.9000015258789,0.22123477957187365
678,2017-02-14,2017-03-16,100.72000122070312,0.20780240912205317
679,2017-02-15,2017-03-17,100.66999816894531,0.21412963799864737
680,2017-02-16,2017-03-20,100.16999816894531,0.2314125929439138
681,2017-02-17,2017-03-21,119.05999755859376,0.06962572147469737
682,2017-02-21,2017-03-22,122.62000274658205,0.060670989328081126
683,2017-02-22,2017-03-23,121.8000030517578,0.0636531262511113
684,2017-02-23,2017-03-24,117.8499984741211,0.10563865331261157
685,2017-02-24,2017-03-27,120.58999633789062,0.0876834390989808
686,2017-02-27,2017-03-28,120.38999938964844,0.10136599020166381
687,2017-02-28,2017-03-29,118.98999786376952,0.10735187442142802
688,2017-03-01,2017-03-30,120.63999938964844,0.09163465396177062
689,2017-03-02,2017-03-31,119.48999786376952,0.09662059420793612
690,2017-03-03,2017-04-03,119.97000122070312,0.0890660288484969
691,2017-03-06,2017-04-04,119.43000030517578,0.10337835554468566
692,2017-03-07,2017-04-05,121.08000183105469,0.09641789678317403
693,2017-03-08,2017-04-06,123.52999877929688,0.0808779435329412
694,2017-03-09,2017-04-07,123.08999633789062,0.07066818290686117
695,2017-03-10,2017-04-10,124.16999816894531,0.06828247776529905
696,2017-03-13,2017-04-11,127.47000122070312,0.04395110275162917
697,2017-03-14,2017-04-12,127.0,0.034000161095299464
698,2017-03-15,2017-04-13,128.27999877929688,0.023447029664614427
699,2017-03-16,2017-04-17,127.13999938964844,0.0422598916034016
700,2017-03-17,2017-04-18,128.10000610351562,0.03655234931516227
701,2017-03-20,2017-04-19,130.33000183105472,0.026152581275597386
702,2017-03-21,2017-04-20,127.97000122070312,0.06228475067024852
703,2017-03-22,2017-04-21,130.53999328613278,0.044782747050909344
704,2017-03-23,2017-04-24,130.08000183105472,0.0641726486974481
705,2017-03-24,2017-04-25,131.77000427246094,0.05487013338799718
706,2017-03-27,2017-04-26,132.17999267578122,0.05152129666420946
707,2017-03-28,2017-04-27,133.97000122070312,0.04067306068048626
708,2017-03-29,2017-04-28,133.30000305175778,0.04540243745060224
709,2017-03-30,2017-05-01,132.80999755859378,0.058752715707467984
710,2017-03-31,2017-05-02,132.27000427246094,0.06317726478294461
711,2017-04-03,2017-05-03,131.69999694824222,0.06383278500898693
712,2017-04-04,2017-05-04,133.19999694824222,0.049928674410629204
713,2017-04-05,2017-05-05,134.0,0.07407408188419473
714,2017-04-06,2017-05-08,134.39999389648438,0.05849391315947894
715,2017-04-07,2017-05-09,132.44999694824222,0.08611051099310874
716,2017-04-10,2017-05-10,133.27000427246094,0.08361403435142534
717,2017-04-11,2017-05-11,133.33000183105472,0.08690591747777077
718,2017-04-12,2017-05-12,131.47000122070312,0.10454982521298073
719,2017-04-13,2017-05-15,131.36000061035156,0.10894042706599938
720,2017-04-17,2017-05-16,132.75,0.09969479316708407
721,2017-04-18,2017-05-17,132.96000671386722,0.06602974049018684
722,2017-04-19,2017-05-18,133.83000183105472,0.06725671998770599
723,2017-04-20,2017-05-19,136.47000122070312,0.05275217406224175
724,2017-04-21,2017-05-22,136.66000366210938,0.04533699274250813
725,2017-04-24,2017-05-23,139.0,0.029329588252437033
726,2017-04-25,2017-05-24,139.41999816894528,0.033684506871848985
727,2017-04-26,2017-05-25,139.36000061035156,0.05875994253477701
728,2017-04-27,2017-05-26,139.64999389648438,0.04643225123562855
729,2017-04-28,2017-05-30,139.63999938964844,0.05148758163431355
730,2017-05-01,2017-05-31,141.10000610351562,0.04261092801761235
731,2017-05-02,2017-06-01,141.19000244140625,0.0493536333166793
732,2017-05-03,2017-06-02,140.67999267578122,0.07605413272581474
733,2017-05-04,2017-06-05,140.19999694824222,0.09155708362059511
734,2017-05-05,2017-06-06,144.72000122070312,0.06842616327758189
735,2017-05-08,2017-06-07,142.75,0.08522911112886389
736,2017-05-09,2017-06-08,144.92999267578125,0.07846385999520511
737,2017-05-10,2017-06-09,145.42999267578125,0.026963828830820047
738,2017-05-11,2017-06-12,146.02000427246094,0.024973226305802787
739,2017-05-12,2017-06-13,146.82000732421875,0.03267882128718713
740,2017-05-15,2017-06-14,147.4199981689453,0.02403180939737326
741,2017-05-16,2017-06-15,147.4499969482422,0.024995033300847624
742,2017-05-17,2017-06-16,142.36000061035156,0.060825973804772615
743,2017-05-18,2017-06-19,143.47999572753906,0.08413128830890038
744,2017-05-19,2017-06-20,144.07000732421875,0.07069593976247746
745,2017-05-22,2017-06-21,143.14999389648438,0.09490395433786258
746,2017-05-23,2017-06-22,143.1999969482422,0.09812320160495014
747,2017-05-24,2017-06-23,144.27999877929688,0.10728868247593826
748,2017-05-25,2017-06-26,148.05999755859375,0.0616047743434166
749,2017-05-26,2017-06-27,146.4499969482422,0.04168309168093498
750,2017-05-30,2017-06-28,147.22000122070312,0.05184519115251662
751,2017-05-31,2017-06-29,147.3800048828125,0.017138993782819245
752,2017-06-01,2017-06-30,148.52000427246094,0.008478463653082025
753,2017-06-02,2017-07-03,152.25999450683594,-0.03655793545851105
754,2017-06-05,2017-07-05,154.3300018310547,-0.03842017831695399
755,2017-06-06,2017-07-06,155.35000610351562,-0.06821160645899127
756,2017-06-07,2017-07-07,156.0500030517578,-0.04893458741833534
757,2017-06-08,2017-07-10,157.27000427246094,-0.053029781354383854
758,2017-06-09,2017-07-11,149.4600067138672,0.024157723033259138
759,2017-06-12,2017-07-12,149.75999450683594,0.03616945681148076
760,2017-06-13,2017-07-13,151.77999877929688,0.019319024427371434
761,2017-06-14,2017-07-14,151.0500030517578,0.026174956757255008
762,2017-06-15,2017-07-17,151.22999572753906,0.02570548551594698
763,2017-06-16,2017-07-18,151.5800018310547,0.02827106549658165
764,2017-06-19,2017-07-19,156.66000366210938,0.006153658508253224
765,2017-06-20,2017-07-20,155.02999877929688,0.011288292334258987
766,2017-06-21,2017-07-21,158.16000366210938,-0.03426631935592184
767,2017-06-22,2017-07-24,158.77999877929688,-0.022935172855280905
768,2017-06-23,2017-07-25,161.6199951171875,-0.022911361501186667
769,2017-06-26,2017-07-26,157.77999877929688,-0.003689579149582567
770,2017-06-27,2017-07-27,152.82000732421875,-0.005130321445213415
771,2017-06-28,2017-07-28,155.27000427246094,-0.03238038945219923
772,2017-06-29,2017-07-31,149.9499969482422,-0.0044209504440422265
773,2017-06-30,2017-08-01,149.7899932861328,-0.013464074379471613
774,2017-07-03,2017-08-02,146.88999938964844,-0.023909051409863658
775,2017-07-05,2017-08-03,148.6199951171875,-0.031725039698802915
776,2017-07-06,2017-08-04,145.42999267578125,0.15472252196338798
777,2017-07-07,2017-08-07,148.77000427246094,0.14376975958295868
778,2017-07-10,2017-08-08,149.35000610351562,0.12116038626626402
779,2017-07-11,2017-08-09,153.16000366210938,0.08539354161254575
780,2017-07-12,2017-08-10,155.3800048828125,0.056587688148886484
781,2017-07-13,2017-08-11,154.77000427246094,0.06590619837070133
782,2017-07-14,2017-08-14,155.11000061035156,0.08651355817071749
783,2017-07-17,2017-08-15,155.22000122070312,0.09009904125177348
784,2017-07-18,2017-08-16,155.99000549316406,0.10180222757060342
785,2017-07-19,2017-08-17,157.6300048828125,0.0785104224684735
786,2017-07-20,2017-08-18,156.8000030517578,0.08842504471142032
787,2017-07-21,2017-08-21,152.9199981689453,0.11098190190996116
788,2017-07-24,2017-08-22,155.22000122070312,0.11429385894035304
789,2017-07-25,2017-08-23,158.0,0.08938963170922631
790,2017-07-26,2017-08-24,157.1999969482422,0.10227858831410819
791,2017-07-27,2017-08-25,152.0399932861328,0.124848920594131
792,2017-07-28,2017-08-28,150.39999389648438,0.13617831618373755
793,2017-07-31,2017-08-29,149.2899932861328,0.13844647773641572
794,2017-08-01,2017-08-30,147.8000030517578,0.16942958366699878
795,2017-08-02,2017-08-31,143.4600067138672,0.18558040485557814
796,2017-08-03,2017-09-01,144.0500030517578,0.1884049884864879
797,2017-08-04,2017-09-05,172.0500030517578,0.0181475361143405
798,2017-08-07,2017-09-06,173.75,-0.005905194799343816
799,2017-08-08,2017-09-07,169.94000244140625,0.021364765824810283
800,2017-08-09,2017-09-08,167.4600067138672,0.03022924590757281
801,2017-08-10,2017-09-11,164.6999969482422,0.06052136648285211
802,2017-08-11,2017-09-12,165.69000244140625,0.0467725494203205
803,2017-08-14,2017-09-13,169.8000030517578,0.02910398739581621
804,2017-08-15,2017-09-14,170.58999633789062,0.024865702771283527
805,2017-08-16,2017-09-15,173.6699981689453,0.018591819733831727
806,2017-08-17,2017-09-18,171.05999755859375,0.063608471551729
807,2017-08-18,2017-09-19,172.00999450683594,0.05343389086859052
808,2017-08-21,2017-09-20,172.00999450683594,0.08743174972704759
809,2017-08-22,2017-09-21,175.25,0.06398545105439502
810,2017-08-23,2017-09-22,173.50999450683594,0.09180847037291107
811,2017-08-24,2017-09-25,175.11000061035156,0.03163192591264363
812,2017-08-25,2017-09-26,173.72999572753906,0.048888688029862015
813,2017-08-28,2017-09-27,174.11000061035156,0.06668454697347181
814,2017-08-29,2017-09-28,173.27999877929688,0.07608639850847065
815,2017-08-30,2017-09-29,177.9499969482422,0.061494666022762656
816,2017-08-31,2017-10-02,176.14999389648438,0.0749881811086841
817,2017-09-01,2017-10-03,177.49000549316406,0.06298169565570788
818,2017-09-05,2017-10-04,175.22999572753906,0.08102578949912309
819,2017-09-06,2017-10-05,172.72999572753906,0.0926140198901314
820,2017-09-07,2017-10-06,173.64999389648438,0.099932615514566
821,2017-09-08,2017-10-09,172.67999267578125,0.10699696418189153
822,2017-09-11,2017-10-10,175.30999755859375,0.09081012913863573
823,2017-09-12,2017-10-11,173.82000732421875,0.09914480397299485
824,2017-09-13,2017-10-12,174.88999938964844,0.0853512198691595
825,2017-09-14,2017-10-13,174.94000244140625,0.08475461441860577
826,2017-09-15,2017-10-16,176.9600067138672,0.06266214838164608
827,2017-09-18,2017-10-17,182.67999267578125,0.04160331519425886
828,2017-09-19,2017-10-18,181.72000122070312,0.04327683013081396
829,2017-09-20,2017-10-19,188.4900054931641,0.008625673736553208
830,2017-09-21,2017-10-20,187.22999572753903,0.023215761259805512
831,2017-09-22,2017-10-23,191.0500030517578,0.002714434684866207
832,2017-09-25,2017-10-24,180.8300018310547,0.06354222622801631
833,2017-09-26,2017-10-25,182.66000366210938,0.03665416869295024
834,2017-09-27,2017-10-26,186.5500030517578,0.027524363910223948
835,2017-09-28,2017-10-27,187.5500030517578,0.04140041450250276
836,2017-09-29,2017-10-30,189.6100006103516,0.03339112423264601
837,2017-10-02,2017-10-31,190.42999267578125,0.047326063048440226
838,2017-10-03,2017-11-01,189.4199981689453,0.03974448218703042
839,2017-10-04,2017-11-02,190.67999267578125,-0.05249210466938159
840,2017-10-05,2017-11-03,190.3600006103516,0.05523849610093989
841,2017-10-06,2017-11-06,192.92999267578125,0.06652796829526508
842,2017-10-09,2017-11-07,193.3699951171875,0.07725712268573315
843,2017-10-10,2017-11-08,192.82000732421875,0.0997712072160486
844,2017-10-11,2017-11-09,192.9499969482422,0.09646455541619836
845,2017-10-12,2017-11-10,191.2100067138672,0.13499206480853898
846,2017-10-13,2017-11-13,191.13999938964844,0.1510548320177726
847,2017-10-16,2017-11-14,188.7899932861328,0.16869225798224108
848,2017-10-17,2017-11-15,190.6100006103516,0.1524677377355359
849,2017-10-18,2017-11-16,189.94000244140625,0.18048065349250608
850,2017-10-19,2017-11-17,190.1300048828125,0.18685313947845772
851,2017-10-20,2017-11-20,191.67999267578125,0.2073771193630013
852,2017-10-23,2017-11-21,191.57000732421875,0.2065194336418672
853,2017-10-24,2017-11-22,193.1000061035156,0.19208396911622572
854,2017-10-25,2017-11-24,189.6100006103516,0.21668180400417436
855,2017-10-26,2017-11-27,191.8300018310547,0.19615319174621249
856,2017-10-27,2017-11-28,195.6499938964844,0.19667422933718448
857,2017-10-30,2017-11-29,196.16000366210938,0.16246104761118618
858,2017-10-31,2017-11-30,199.88999938964844,0.14254459687524712
859,2017-11-01,2017-12-01,197.25999450683597,0.13728405960010426
860,2017-11-02,2017-12-04,181.1699981689453,0.13514415760927945
861,2017-11-03,2017-12-05,201.4900054931641,0.04529731068636489
862,2017-11-06,2017-12-06,206.67999267578125,0.0290332045327909
863,2017-11-07,2017-12-07,209.55999755859372,0.04684800792851862
864,2017-11-08,2017-12-08,214.19000244140625,0.038601333560262074
865,2017-11-09,2017-12-11,213.5500030517578,0.04533058822020675
866,2017-11-10,2017-12-12,221.0500030517578,-0.012829338152384073
867,2017-11-13,2017-12-13,225.1499938964844,-8.878875866558111e-05
868,2017-11-14,2017-12-14,227.1000061035156,-0.0016760977450884784
869,2017-11-15,2017-12-15,224.8999938964844,0.026533371922269122
870,2017-11-16,2017-12-18,231.7700042724609,0.0153787124626108
871,2017-11-17,2017-12-19,233.82000732421875,0.00923725710076806
872,2017-11-20,2017-12-20,241.8300018310547,-0.03279952224968041
873,2017-11-21,2017-12-21,241.42999267578125,-0.023181835083379898
874,2017-11-22,2017-12-22,239.00999450683597,-0.010399456450397526
875,2017-11-24,2017-12-26,242.05999755859372,-0.027157743346472474
876,2017-11-27,2017-12-27,238.63999938964844,0.0035908167446829786
877,2017-11-28,2017-12-28,243.5500030517578,-0.012092767908453261
878,2017-11-29,2017-12-29,234.2100067138672,0.005815413475418807
879,2017-11-30,2018-01-02,233.1199951171875,-0.009046428381308091
880,2017-12-01,2018-01-03,228.6499938964844,0.029499202151877513
881,2017-12-04,2018-01-04,209.47999572753903,0.0997464715731039
882,2017-12-05,2018-01-05,211.0500030517578,0.10862863013300472
883,2017-12-06,2018-01-08,212.8600006103516,0.15215485270339335
884,2017-12-07,2018-01-09,219.8600006103516,0.12048962169763444
885,2017-12-08,2018-01-10,222.7899932861328,0.11689394972196321
886,2017-12-11,2018-01-11,223.69000244140625,0.14226007472646363
887,2017-12-12,2018-01-12,218.25,0.15743349794030226
888,2017-12-13,2018-01-16,225.1300048828125,0.10934841524888861
889,2017-12-14,2018-01-17,226.72000122070312,0.13732352906340362
890,2017-12-15,2018-01-18,231.02999877929688,0.1288133162925591
891,2017-12-18,2018-01-19,235.38999938964844,0.13088907630915758
892,2017-12-19,2018-01-22,236.0,0.14393497435429659
893,2017-12-20,2018-01-23,234.1499938964844,0.14274737739227894
894,2017-12-21,2018-01-24,235.9600067138672,0.13612069246765346
895,2017-12-22,2018-01-25,236.5500030517578,0.14528835559703568
896,2017-12-26,2018-01-26,235.66000366210938,0.16874778249696865
897,2017-12-27,2018-01-29,239.5,0.13845818765605145
898,2017-12-28,2018-01-30,240.63999938964844,0.12567674387222938
899,2017-12-29,2018-01-31,235.5800018310547,0.14589226460959037
900,2018-01-02,2018-02-01,231.02999877929688,0.15989091352982954
901,2018-01-03,2018-02-02,235.6000061035156,0.13851105514510964
902,2018-01-04,2018-02-05,232.69000244140625,0.12314878575985866
903,2018-01-05,2018-02-06,236.7700042724609,0.13073647100370778
904,2018-01-08,2018-02-07,251.05999755859372,0.10851501345235515
905,2018-01-09,2018-02-08,249.97999572753903,0.054967465182305664
906,2018-01-10,2018-02-09,252.27999877929688,0.07437163794360224
907,2018-01-11,2018-02-12,260.79000854492193,0.08346805119410972
908,2018-01-12,2018-02-13,259.02999877929693,0.11466945564536091
909,2018-01-16,2018-02-14,252.7700042724609,0.16334566279065543
910,2018-01-17,2018-02-15,262.8099975585937,0.14660993359285246
911,2018-01-18,2018-02-16,265.19000244140625,-0.06292836026520643
912,2018-01-19,2018-02-20,270.83999633789057,-0.08487884221696573
913,2018-01-22,2018-02-21,275.67999267578125,-0.15817331466439954
914,2018-01-23,2018-02-22,273.1400146484375,-0.11640648475449544
915,2018-01-24,2018-02-23,273.1400146484375,-0.11068646991771791
916,2018-01-25,2018-02-26,276.760009765625,-0.0650760179523453
917,2018-01-26,2018-02-27,283.5,-0.09400317965023852
918,2018-01-29,2018-02-28,277.989990234375,-0.030585008892569654
919,2018-01-30,2018-03-01,275.23001098632807,-0.04332836892445058
920,2018-01-31,2018-03-02,275.82000732421875,-0.01591162918680933
921,2018-02-01,2018-03-05,275.0,0.024338273284893797
922,2018-02-02,2018-03-06,273.48001098632807,0.052390834363892136
923,2018-02-05,2018-03-07,265.3699951171875,0.08988954201965504
924,2018-02-06,2018-03-08,272.3800048828125,0.07281201256355663
925,2018-02-07,2018-03-09,281.6199951171875,0.04584109455899954
926,2018-02-08,2018-03-12,264.51998901367193,0.11055818950102914
927,2018-02-09,2018-03-13,272.54998779296875,0.05913423541813234
928,2018-02-12,2018-03-14,284.5400085449219,0.046767140553025555
929,2018-02-13,2018-03-15,292.5799865722656,0.011220031742819825
930,2018-02-14,2018-03-16,302.1199951171875,-0.02859864449671079
931,2018-02-15,2018-03-19,307.9599914550781,-0.11020575793034526
932,2018-02-16,2018-03-20,249.4900054931641,0.12588468307835543
933,2018-02-20,2018-03-21,249.6499938964844,0.11690844316746318
934,2018-02-21,2018-03-22,238.02999877929688,0.1304522274020079
935,2018-02-22,2018-03-23,244.66000366210938,0.07399412749420053
936,2018-02-23,2018-03-26,245.9199981689453,0.09247919330347631
937,2018-02-26,2018-03-27,259.85000610351557,-0.024241266177579268
938,2018-02-27,2018-03-28,259.1400146484375,-0.05711028511726535
939,2018-02-28,2018-03-29,269.739990234375,-0.05656085785353371
940,2018-03-01,2018-04-02,263.79998779296875,-0.04059008918425633
941,2018-03-02,2018-04-03,271.5,-0.07096369327828977
942,2018-03-05,2018-04-04,281.8599853515625,-0.08843062500817589
943,2018-03-06,2018-04-05,288.6000061035156,-0.0984243618418057
944,2018-03-07,2018-04-06,291.5799865722656,-0.12700983764889173
945,2018-03-08,2018-04-09,293.7699890136719,-0.1320616146962308
946,2018-03-09,2018-04-10,295.1499938964844,-0.10464460196713254
947,2018-03-12,2018-04-11,297.3999938964844,-0.1156126073847783
948,2018-03-13,2018-04-12,289.67999267578125,-0.0773177763946562
949,2018-03-14,2018-04-13,298.5,-0.22235873763449154
950,2018-03-15,2018-04-16,295.8999938964844,-0.2358001623763537
951,2018-03-16,2018-04-17,293.7200012207031,-0.14376952952777855
952,2018-03-19,2018-04-18,277.3900146484375,-0.07307549187016438
953,2018-03-20,2018-04-19,285.4200134277344,-0.1133128636885452
954,2018-03-21,2018-04-20,282.70001220703125,-0.08459627403369074
955,2018-03-22,2018-04-23,273.739990234375,-0.0769533327650358
956,2018-03-23,2018-04-24,264.20999145507807,-0.04820278510738296
957,2018-03-26,2018-04-25,270.98001098632807,-0.0709825563615405
958,2018-03-27,2018-04-26,253.6999969482422,0.022388395818065288
959,2018-03-28,2018-04-27,245.13999938964844,0.06702188624301264
960,2018-03-29,2018-04-30,255.3000030517578,0.034964978900130506
961,2018-04-02,2018-05-01,253.50999450683597,0.044332170972532614
962,2018-04-03,2018-05-02,253.50999450683597,0.04501618825021436
963,2018-04-04,2018-05-03,258.95999145507807,0.0331902723384736
964,2018-04-05,2018-05-04,262.739990234375,-0.07218929590823486
965,2018-04-06,2018-05-07,258.72000122070307,-0.025202094606789238
966,2018-04-09,2018-05-08,259.5,-0.000809870986762995
967,2018-04-10,2018-05-09,267.19000244140625,-0.029951386213447506
968,2018-04-11,2018-05-10,266.57998657226557,-0.02271151241841518
969,2018-04-12,2018-05-11,268.8900146484375,-0.03455046308260745
970,2018-04-13,2018-05-14,244.1999969482422,0.03676241388116419
971,2018-04-16,2018-05-15,239.44000244140625,0.0405129252122457
972,2018-04-17,2018-05-16,256.79998779296875,-0.0307870700430648
973,2018-04-18,2018-05-17,258.5,-0.04457105396568806
974,2018-04-19,2018-05-18,256.3699951171875,-0.033374980456768455
975,2018-04-20,2018-05-21,260.64999389648443,-0.02517205072363593
976,2018-04-23,2018-05-22,254.17999267578125,-0.018267757582692834
977,2018-04-24,2018-05-23,252.05999755859372,0.015313689485008442
978,2018-04-25,2018-05-24,253.0200042724609,-0.0016230697958063978
979,2018-04-26,2018-05-25,259.510009765625,-0.01470189546676437
980,2018-04-27,2018-05-29,262.75,-0.026928786731854837
981,2018-04-30,2018-05-30,264.54998779296875,-0.05126164994778715
982,2018-05-01,2018-05-31,265.26998901367193,-0.0544998870573008
983,2018-05-02,2018-06-01,265.45999145507807,-0.016231491518877483
984,2018-05-03,2018-06-04,267.85000610351557,0.0016027757482401928
985,2018-05-04,2018-06-05,245.0500030517578,0.10809826004819723
986,2018-05-07,2018-06-06,252.3600006103516,0.09307844550529798
987,2018-05-08,2018-06-07,259.29000854492193,0.04285708974950686
988,2018-05-09,2018-06-08,259.42001342773443,0.0523469829123856
989,2018-05-10,2018-06-11,260.66000366210943,0.040562387039015046
990,2018-05-11,2018-06-12,259.91000366210943,0.053633885088390065
991,2018-05-14,2018-06-13,253.5200042724609,0.09824290010980863
992,2018-05-15,2018-06-14,249.5500030517578,0.1123007705384651
993,2018-05-16,2018-06-15,249.1300048828125,0.13080033100637944
994,2018-05-17,2018-06-18,247.47000122070312,0.11370961915763289
995,2018-05-18,2018-06-19,248.08999633789062,0.09390063039198704
996,2018-05-21,2018-06-20,254.25,0.10393314742139681
997,2018-05-22,2018-06-21,249.6199951171875,0.10632969865476616
998,2018-05-23,2018-06-22,255.97999572753903,0.06114065117226597
999,2018-05-24,2018-06-25,252.6100006103516,0.027974465660561942
1000,2018-05-25,2018-06-26,255.75,0.025268712399687865
1001,2018-05-29,2018-06-27,255.8600006103516,-0.0061740822119262795
1002,2018-05-30,2018-06-28,251.6499938964844,0.025632072632477243
1003,2018-05-31,2018-06-29,251.55999755859372,0.023029993012091965
1004,2018-06-01,2018-07-02,261.22000122070307,0.0005355989390308791
1005,2018-06-04,2018-07-03,268.27999877929693,-0.04850120724950857
1006,2018-06-05,2018-07-05,274.75,-0.06529407971298706
1007,2018-06-06,2018-07-06,278.260009765625,-0.060482465914150296
1008,2018-06-07,2018-07-09,270.89999389648443,-0.0016268670239880656
1009,2018-06-08,2018-07-10,273.75,-0.019363293403089177
1010,2018-06-11,2018-07-11,271.67999267578125,-0.008762755411340306
1011,2018-06-12,2018-07-12,274.6400146484375,0.013363884534002834
1012,2018-06-13,2018-07-13,281.1400146484375,-0.054974013850118686
1013,2018-06-14,2018-07-16,281.1199951171875,-0.037955984781774754
1014,2018-06-15,2018-07-17,286.6199951171875,-0.04651668616636018
1015,2018-06-18,2018-07-18,279.22000122070307,-0.016491312894662435
1016,2018-06-19,2018-07-19,273.79998779296875,0.008868822468891424
1017,2018-06-20,2018-07-20,283.739990234375,-0.05542327815596848
1018,2018-06-21,2018-07-23,279.32000732421875,-0.04072428957574448
1019,2018-06-22,2018-07-24,272.64999389648443,-0.02384531128274925
1020,2018-06-25,2018-07-25,259.8800048828125,0.05260469105833043
1021,2018-06-26,2018-07-26,262.3800048828125,0.05031125654372204
1022,2018-06-27,2018-07-27,254.2899932861328,0.06262903851966817
1023,2018-06-28,2018-07-30,258.26998901367193,-0.00159002437524558
1024,2018-06-29,2018-07-31,257.489990234375,-0.006882237266805147
1025,2018-07-02,2018-08-01,261.3599853515625,0.0047220895778055105
1026,2018-07-03,2018-08-02,255.8699951171875,0.0587824558673844
1027,2018-07-05,2018-08-03,257.91000366210943,-0.0014366510247396658
1028,2018-07-06,2018-08-06,262.3900146484375,0.032948705879388696
1029,2018-07-09,2018-08-07,270.45999145507807,-0.006138141852870316
1030,2018-07-10,2018-08-08,268.54998779296875,-0.01508160822193605
1031,2018-07-11,2018-08-09,269.32000732421875,7.421479892921745e-05
1032,2018-07-12,2018-08-10,278.3599853515625,-0.03537280651719721
1033,2018-07-13,2018-08-13,266.489990234375,0.010360994346292451
1034,2018-07-16,2018-08-14,270.83999633789057,0.0022839281540687484
1035,2018-07-17,2018-08-15,273.8800048828125,-0.03125242386548743
1036,2018-07-18,2018-08-16,274.69000244140625,-0.025230507783446265
1037,2018-07-19,2018-08-17,276.25,-0.02679895638597629
1038,2018-07-20,2018-08-20,268.83999633789057,0.01782845557887347
1039,2018-07-23,2018-08-21,268.3900146484375,0.012654865517986447
1040,2018-07-24,2018-08-22,266.29998779296875,0.03987596676779048
1041,2018-07-25,2018-08-23,274.3099975585937,0.029369053547926627
1042,2018-07-26,2018-08-24,276.27999877929693,0.104672983338161
1043,2018-07-27,2018-08-27,271.27999877929693,0.10994458094477211
1044,2018-07-30,2018-08-28,257.8599853515625,0.15233407296489798
1045,2018-07-31,2018-08-29,255.72999572753903,0.1537443540107707
1046,2018-08-01,2018-08-30,262.60000610351557,0.11840732397298381
1047,2018-08-02,2018-08-31,271.85000610351557,0.09074186863968359
1048,2018-08-03,2018-09-04,257.54000854492193,0.11137946989003245
1049,2018-08-06,2018-09-05,271.32998657226557,0.00352573338179607
1050,2018-08-07,2018-09-06,268.8099975585937,-0.0038839623094157893
1051,2018-08-08,2018-09-07,264.5599975585937,0.009324060468804185
1052,2018-08-09,2018-09-10,269.33999633789057,-0.0012266702363716853
1053,2018-08-10,2018-09-11,268.85000610351557,-0.0061375498704479
1054,2018-08-13,2018-09-12,269.27999877929693,-0.005338781568773765
1055,2018-08-14,2018-09-13,271.45999145507807,-0.005184010624085911
1056,2018-08-15,2018-09-14,265.57998657226557,0.020903275309619995
1057,2018-08-16,2018-09-17,267.92999267578125,-0.010751494823766139
1058,2018-08-17,2018-09-18,269.04000854492193,-0.007036999764344243
1059,2018-08-20,2018-09-19,273.72000122070307,-0.013027345872119067
1060,2018-08-21,2018-09-20,271.82998657226557,0.004468050815765623
1061,2018-08-22,2018-09-21,277.3599853515625,-0.029967605743138392
1062,2018-08-23,2018-09-24,282.6099853515625,-0.030633434806333515
1063,2018-08-24,2018-09-25,308.5799865722656,-0.12390730374482817
1064,2018-08-27,2018-09-26,304.7900085449219,-0.15507641711806364
1065,2018-08-28,2018-09-27,304.20001220703125,-0.14649691931514486
1066,2018-08-29,2018-09-28,302.19000244140625,-0.13665094068895844
1067,2018-08-30,2018-10-01,297.8699951171875,-0.14724225201001806
1068,2018-08-31,2018-10-02,298.9800109863281,-0.16720678551783297
1069,2018-09-04,2018-10-03,289.82000732421875,-0.10859509407417556
1070,2018-09-05,2018-10-04,272.29000854492193,-0.056452311871804994
1071,2018-09-06,2018-10-05,267.76998901367193,-0.06566635277054211
1072,2018-09-07,2018-10-08,267.04998779296875,-0.09802220476540224
1073,2018-09-10,2018-10-09,269.010009765625,-0.12721565742972274
1074,2018-09-11,2018-10-10,267.20999145507807,-0.183444791180164
1075,2018-09-12,2018-10-11,267.85000610351557,-0.24315417134105433
1076,2018-09-13,2018-10-12,270.0599975585937,-0.21446239820383095
1077,2018-09-14,2018-10-15,271.25,-0.22832041729329422
1078,2018-09-17,2018-10-16,265.07998657226557,-0.13485737004144038
1079,2018-09-18,2018-10-17,267.16000366210943,-0.11805820077067297
1080,2018-09-19,2018-10-18,270.20001220703125,-0.15920895985319516
1081,2018-09-20,2018-10-19,273.04998779296875,-0.18841397249791791
1082,2018-09-21,2018-10-22,269.29000854492193,-0.15983296166677685
1083,2018-09-24,2018-10-23,274.20999145507807,-0.1777261920654427
1084,2018-09-25,2018-10-24,274.5599975585937,-0.22669997575719214
1085,2018-09-26,2018-10-25,263.8699951171875,-0.143829348149618
1086,2018-09-27,2018-10-26,265.32998657226557,-0.2086274679890716
1087,2018-09-28,2018-10-29,265.8599853515625,-0.22032490868785115
1088,2018-10-01,2018-10-30,259.6400146484375,-0.13647906424874368
1089,2018-10-02,2018-10-31,256.14999389648443,-0.11200341701477856
1090,2018-10-03,2018-11-01,261.42999267578125,-0.08495179860374735
1091,2018-10-04,2018-11-02,257.739990234375,0.00011637809122666543
1092,2018-10-05,2018-11-05,251.2700042724609,-0.009278588915080821
1093,2018-10-08,2018-11-06,243.2100067138672,0.00775159680042925
1094,2018-10-09,2018-11-07,238.6499938964844,0.05876556488241036
1095,2018-10-10,2018-11-08,225.7899932861328,0.10471849318669646
1096,2018-10-11,2018-11-09,215.4600067138672,0.11852058597547255
1097,2018-10-12,2018-11-12,222.3699951171875,0.06022314383424188
1098,2018-10-15,2018-11-13,220.8300018310547,0.06570485166353801
1099,2018-10-16,2018-11-14,233.5800018310547,-0.017822110941613234
1100,2018-10-17,2018-11-15,238.9499969482422,0.02149877176744086
1101,2018-10-18,2018-11-16,233.08999633789062,0.026235530381418126
1102,2018-10-19,2018-11-19,229.75999450683597,-0.030313876712268817
1103,2018-10-22,2018-11-20,232.17999267578125,-0.05834619157660326
1104,2018-10-23,2018-11-21,232.8300018310547,-0.06305359003378586
1105,2018-10-24,2018-11-23,223.82000732421875,-0.02089035630496494
1106,2018-10-25,2018-11-26,230.69000244140625,-0.019083833623720237
1107,2018-10-26,2018-11-27,219.52999877929688,0.023182373349304286
1108,2018-10-29,2018-11-28,217.8600006103516,0.07451144324942471
1109,2018-10-30,2018-11-29,228.4600067138672,0.033219038237178755
1110,2018-10-31,2018-11-30,230.3500061035156,0.03409086619286872
1111,2018-11-01,2018-12-03,240.9600067138672,0.012013582693483738
1112,2018-11-02,2018-12-04,257.76998901367193,-0.12205630003749479
1113,2018-11-05,2018-12-06,248.9600067138672,-0.044163965782630044
1114,2018-11-06,2018-12-07,245.1100006103516,-0.08894222132559015
1115,2018-11-07,2018-12-10,253.5500030517578,-0.10349479190982058
1116,2018-11-08,2018-12-11,252.1999969482422,-0.10073325036189007
1117,2018-11-09,2018-12-12,244.42999267578125,-0.05362294447199245
1118,2018-11-12,2018-12-13,236.6199951171875,-0.03458523095238375
1119,2018-11-13,2018-12-14,236.3600006103516,-0.07236512264975836
1120,2018-11-14,2018-12-17,229.4900054931641,-0.09192561970090707
1121,2018-11-15,2018-12-18,244.1999969482422,-0.1513979969106869
1122,2018-11-16,2018-12-19,239.3699951171875,-0.18470671369339042
1123,2018-11-19,2018-12-20,223.0,-0.13077426300964334
1124,2018-11-20,2018-12-21,219.3800048828125,-0.1356836308034961
1125,2018-11-21,2018-12-24,219.0200042724609,-0.15944950423069892
1126,2018-11-23,2018-12-26,219.2400054931641,-0.09335727519368575
1127,2018-11-26,2018-12-27,226.3699951171875,-0.10516034318009315
1128,2018-11-27,2018-12-28,224.7400054931641,-0.09224344621421321
1129,2018-11-28,2018-12-31,235.3999938964844,-0.11722827387752499
1130,2018-11-29,2019-01-02,236.30999755859372,-0.12234620818553754
1131,2018-11-30,2019-01-03,238.47999572753903,-0.19478952121804882
1132,2018-12-03,2019-01-04,243.88999938964844,-0.20457350678728603
1133,2018-12-04,2019-01-07,229.72999572753903,-0.09436927272955908
1134,2018-12-06,2019-01-08,238.42999267578125,-0.11270297757168768
1135,2018-12-07,2019-01-09,225.08999633789062,-0.03752016365130628
1136,2018-12-10,2019-01-10,229.7700042724609,-0.0541842411213429
1137,2018-12-11,2019-01-11,229.1199951171875,-0.05052722927683706
1138,2018-12-12,2019-01-14,231.9900054931641,-0.07612025012862533
1139,2018-12-13,2019-01-15,228.7100067138672,-0.026295716624883392
1140,2018-12-14,2019-01-16,220.41000366210938,0.003751590175585906
1141,2018-12-17,2019-01-17,210.1699981689453,0.049133604806266606
1142,2018-12-18,2019-01-18,212.08999633789062,0.0861341146822121
1143,2018-12-19,2019-01-22,202.0500030517578,0.0939055649381928
1144,2018-12-20,2019-01-23,197.2100067138672,0.11282553119691063
1145,2018-12-21,2019-01-24,193.1699981689453,0.1469640063051244
1146,2018-12-24,2019-01-25,188.8999938964844,0.1687934591989867
1147,2018-12-26,2019-01-28,200.5200042724609,0.06873491802121612
1148,2018-12-27,2019-01-29,204.8300018310547,0.007702724309634368
1149,2018-12-28,2019-01-30,205.75999450683597,0.021309031912453036
1150,2018-12-31,2019-01-31,210.6999969482422,0.018996190773085897
1151,2019-01-02,2019-02-01,210.5500030517578,0.04512470271311653
1152,2019-01-03,2019-02-04,199.6000061035156,0.0862060486364401
1153,2019-01-04,2019-02-05,202.47000122070312,0.0962371007278966
1154,2019-01-07,2019-02-06,209.9199981689453,0.0656518454631776
1155,2019-01-08,2019-02-07,214.27999877929688,0.02723806080102409
1156,2019-01-09,2019-02-08,216.9499969482422,0.041486257584057884
1157,2019-01-10,2019-02-11,217.9600067138672,0.048957091894958116
1158,2019-01-11,2019-02-12,218.1000061035156,0.08534280186694132
1159,2019-01-14,2019-02-13,215.5800018310547,0.08807103469954591
1160,2019-01-15,2019-02-14,222.8500061035156,0.07446628775929276
1161,2019-01-16,2019-02-15,221.2400054931641,0.16181096699615694
1162,2019-01-17,2019-02-19,221.02999877929688,0.18009492622314538
1163,2019-01-18,2019-02-20,232.0800018310547,0.1427304935557655
1164,2019-01-22,2019-02-21,222.9900054931641,0.17563768764079823
1165,2019-01-23,2019-02-22,222.2899932861328,0.19158456450049965
1166,2019-01-24,2019-02-25,226.4499969482422,0.18922303313490174
1167,2019-01-25,2019-02-26,227.25999450683597,0.1898905803452785
1168,2019-01-28,2019-02-27,215.32000732421875,0.24180423702076037
1169,2019-01-29,2019-02-28,206.4199981689453,0.2763540817916028
1170,2019-01-30,2019-03-01,210.2400054931641,0.26628045221055396
1171,2019-01-31,2019-03-04,214.77999877929688,0.2447960499694234
1172,2019-02-01,2019-03-05,220.5,0.20620634686087425
1173,2019-02-04,2019-03-06,218.42999267578125,0.2059978632149151
1174,2019-02-05,2019-03-07,224.02999877929688,0.18897299399381629
1175,2019-02-06,2019-03-08,224.6699981689453,0.18167908155813395
1176,2019-02-07,2019-03-11,220.27999877929688,0.2183108292356245
1177,2019-02-08,2019-03-12,226.33999633789062,0.20607527712185703
1178,2019-02-11,2019-03-13,229.17999267578125,0.21650546981481833
1179,2019-02-12,2019-03-14,238.4499969482422,0.1850927552532038
1180,2019-02-13,2019-03-15,236.3999938964844,0.20339673097063082
1181,2019-02-14,2019-03-18,240.77999877929688,0.19525404760782794
1182,2019-02-15,2019-03-19,263.95001220703125,0.10579978739633711
1183,2019-02-19,2019-03-20,269.57998657226557,0.09673320306228994
1184,2019-02-20,2019-03-21,270.72000122070307,0.14062595815482104
1185,2019-02-21,2019-03-22,270.5,0.09881397687980342
1186,2019-02-22,2019-03-25,274.97000122070307,0.08717594133347129
1187,2019-02-25,2019-03-26,279.29998779296875,0.0984506171781464
1188,2019-02-26,2019-03-27,280.52999877929693,0.09893036045796832
1189,2019-02-27,2019-03-28,283.989990234375,0.09065001173602716
1190,2019-02-28,2019-03-29,285.25,0.09288937304843403
1191,2019-03-01,2019-04-01,286.5400085449219,0.09994967417623812
1192,2019-03-04,2019-04-02,284.3999938964844,0.10686807010024812
1193,2019-03-05,2019-04-03,277.77999877929693,0.13665890045284557
1194,2019-03-06,2019-04-04,275.10000610351557,0.12150722827587446
1195,2019-03-07,2019-04-05,276.23001098632807,0.11197192453428484
1196,2019-03-08,2019-04-08,274.54998779296875,0.13363839356004936
1197,2019-03-11,2019-04-09,281.79998779296875,0.11157355016249293
1198,2019-03-12,2019-04-10,285.0899963378906,0.11531420841616569
1199,2019-03-13,2019-04-11,292.510009765625,0.09223225710644345
1200,2019-03-14,2019-04-12,292.6099853515625,0.09902393924937303
1201,2019-03-15,2019-04-15,296.760009765625,0.09341964597781693
1202,2019-03-18,2019-04-16,299.20001220703125,0.08930418084493019
1203,2019-03-19,2019-04-17,295.17999267578125,0.10017075665525343
1204,2019-03-20,2019-04-18,298.45001220703125,0.07709194229499583
1205,2019-03-21,2019-04-22,315.0199890136719,0.0384005398518481
1206,2019-03-22,2019-04-23,300.1600036621094,0.06509684811378624
1207,2019-03-25,2019-04-24,301.2300109863281,0.07379392795644835
1208,2019-03-26,2019-04-25,309.79998779296875,0.026123032728475604
1209,2019-03-27,2019-04-26,311.3299865722656,0.028308387943194235
1210,2019-03-28,2019-04-29,312.29998779296875,0.014453474562200697
1211,2019-03-29,2019-04-30,314.4599914550781,-0.00694861459150431
1212,2019-04-01,2019-05-01,318.3599853515625,-0.02544609326135161
1213,2019-04-02,2019-05-02,318.42999267578125,-0.024384707812234785
1214,2019-04-03,2019-05-03,321.75,-0.15566968057114017
1215,2019-04-04,2019-05-06,313.1499938964844,-0.14576852911994043
1216,2019-04-05,2019-05-07,311.05999755859375,-0.17085098745329774
1217,2019-04-08,2019-05-08,316.8999938964844,-0.1902347188600353
1218,2019-04-09,2019-05-09,317.19000244140625,-0.1860674237311577
1219,2019-04-10,2019-05-10,322.25,-0.21962757744000028
1220,2019-04-11,2019-05-13,322.2300109863281,-0.3211562896680038
1221,2019-04-12,2019-05-14,324.7699890136719,-0.30492599904356665
1222,2019-04-15,2019-05-15,327.3399963378906,-0.31620426358917286
1223,2019-04-16,2019-05-16,328.5400085449219,-0.2954026294067109
1224,2019-04-17,2019-05-17,328.0400085449219,-0.31153052514344926
1225,2019-04-18,2019-05-20,323.3800048828125,-0.3201878298089651
1226,2019-04-22,2019-05-21,327.6000061035156,-0.2951176519308205
1227,2019-04-23,2019-05-22,321.05999755859375,-0.2683100194860897
1228,2019-04-24,2019-05-23,325.2300109863281,-0.2785203425723446
1229,2019-04-25,2019-05-24,318.1099853515625,-0.24290842508837263
1230,2019-04-26,2019-05-28,320.3999938964844,-0.26470355462211703
1231,2019-04-29,2019-05-29,316.8800048828125,-0.2803232520517678
1232,2019-04-30,2019-05-30,312.2900085449219,-0.2593862443343353
1233,2019-05-01,2019-05-31,310.4599914550781,-0.2693078053208313
1234,2019-05-02,2019-06-03,310.8500061035156,-0.2879101977023433
1235,2019-05-03,2019-06-04,278.41000366210943,-0.09304698018741786
1236,2019-05-06,2019-06-05,273.3099975585937,-0.0367180992166809
1237,2019-05-07,2019-06-06,265.67001342773443,-0.03301197991189109
1238,2019-05-08,2019-06-07,266.25,-0.08038466710900072
1239,2019-05-09,2019-06-10,267.42999267578125,-0.06942050163198932
1240,2019-05-10,2019-06-11,264.22000122070307,-0.08732510790412795
1241,2019-05-13,2019-06-12,243.8999938964844,-8.19624949635056e-05
1242,2019-05-14,2019-06-13,248.8800048828125,-0.028387300243430502
1243,2019-05-15,2019-06-14,248.6999969482422,-0.05345643434134972
1244,2019-05-16,2019-06-17,253.6199951171875,-0.06295049718965862
1245,2019-05-17,2019-06-18,250.1199951171875,-0.03329751978801343
1246,2019-05-20,2019-06-19,244.9499969482422,-0.007361380404567575
1247,2019-05-21,2019-06-20,252.9499969482422,-0.016966193435414167
1248,2019-05-22,2019-06-21,253.13999938964844,0.0009866214160076936
1249,2019-05-23,2019-06-24,254.3800048828125,-0.00908409130940857
1250,2019-05-24,2019-06-25,255.94000244140625,-0.038801840121485576
1251,2019-05-28,2019-06-26,253.33999633789062,0.0077161146823127025
1252,2019-05-29,2019-06-27,247.5,0.04066045440307664
1253,2019-05-30,2019-06-28,247.97000122070312,0.044873253661474655
1254,2019-05-31,2019-07-01,244.58999633789062,0.06943387708976712
1255,2019-06-03,2019-07-02,241.3600006103516,0.09023742285770142
1256,2019-06-04,2019-07-03,254.7100067138672,0.052629544776597204
1257,2019-06-05,2019-07-05,263.6300048828125,0.02626130460227727
1258,2019-06-06,2019-07-08,257.17999267578125,0.040373161657532686
1259,2019-06-07,2019-07-09,246.44000244140625,0.08911471609458
1260,2019-06-10,2019-07-10,250.07000732421875,0.07515073125255356
1261,2019-06-11,2019-07-11,243.0,0.10628905680478606
1262,2019-06-12,2019-07-12,243.8800048828125,0.11077081528865407
1263,2019-06-13,2019-07-15,242.00999450683597,0.1283317182745367
1264,2019-06-14,2019-07-16,236.0800018310547,0.1431164260351674
1265,2019-06-17,2019-07-17,238.6000061035156,0.13996318926355
1266,2019-06-18,2019-07-18,242.05999755859372,0.12134739504451864
1267,2019-06-19,2019-07-19,243.16000366210938,0.13998722479779435
1268,2019-06-20,2019-07-22,248.72999572753903,0.13443065003209365
1269,2019-06-21,2019-07-23,253.38999938964844,0.08308306932067422
1270,2019-06-24,2019-07-24,252.08999633789062,0.09706653485632288
1271,2019-06-25,2019-07-25,246.3800048828125,0.07864327620992728
1272,2019-06-26,2019-07-26,255.30999755859372,0.06473006343537491
1273,2019-06-27,2019-07-29,257.989990234375,0.05230878366554603
1274,2019-06-28,2019-07-30,259.6199951171875,0.053449043777726524
1275,2019-07-01,2019-07-31,262.83999633789057,0.03880056827756784
1276,2019-07-02,2019-08-01,265.29998779296875,0.025420664891276257
1277,2019-07-03,2019-08-02,268.8599853515625,-0.1013435635311184
1278,2019-07-05,2019-08-05,270.739990234375,-0.17228834731290377
1279,2019-07-08,2019-08-06,268.0,-0.13645997657670472
1280,2019-07-09,2019-08-07,270.54998779296875,-0.1512765437998671
1281,2019-07-10,2019-08-08,270.3900146484375,-0.15309824860027987
1282,2019-07-11,2019-08-09,271.89999389648443,-0.18873780866226686
1283,2019-07-12,2019-08-12,274.260009765625,-0.22181141477327038
1284,2019-07-15,2019-08-13,277.6400146484375,-0.20284206671241267
1285,2019-07-16,2019-08-14,275.510009765625,-0.2555713392047767
1286,2019-07-17,2019-08-15,277.42999267578125,-0.28030822626807295
1287,2019-07-18,2019-08-16,275.489990234375,-0.2455466107108728
1288,2019-07-19,2019-08-19,282.739990234375,-0.26522570676113144
1289,2019-07-22,2019-08-20,287.3599853515625,-0.3110086324688983
1290,2019-07-23,2019-08-21,276.35000610351557,-0.21987293322848256
1291,2019-07-24,2019-08-22,279.19000244140625,-0.22839670864534467
1292,2019-07-25,2019-08-23,267.41000366210943,-0.19700094435104454
1293,2019-07-26,2019-08-26,272.98001098632807,-0.2230287397791917
1294,2019-07-29,2019-08-27,272.23001098632807,-0.2165073396698649
1295,2019-07-30,2019-08-28,274.27999877929693,-0.23282993548415454
1296,2019-07-31,2019-08-29,273.45001220703125,-0.20245375226909146
1297,2019-08-01,2019-08-30,272.22000122070307,-0.20121792907080138
1298,2019-08-02,2019-09-03,244.1199951171875,-0.08841233414170646
1299,2019-08-05,2019-09-04,230.9499969482422,-0.02086372854989449
1300,2019-08-06,2019-09-05,235.82000732421875,-0.001869328032452433
1301,2019-08-07,2019-09-06,235.0,0.00296986405305677
1302,2019-08-08,2019-09-09,234.4900054931641,-0.014537275729541
1303,2019-08-09,2019-09-10,228.72999572753903,0.0387072649380813
1304,2019-08-12,2019-09-11,224.47000122070312,0.09051495708793966
1305,2019-08-13,2019-09-12,230.82000732421875,0.07649833932313344
1306,2019-08-14,2019-09-13,219.42999267578125,0.09981129955421131
1307,2019-08-15,2019-09-16,216.69000244140625,0.1126172231666146
1308,2019-08-16,2019-09-17,221.17999267578125,0.09519330972782925
1309,2019-08-19,2019-09-18,223.47000122070312,0.09379563791698842
1310,2019-08-20,2019-09-19,219.19000244140625,0.10215869390318477
1311,2019-08-21,2019-09-20,226.5399932861328,0.05631927189019048
1312,2019-08-22,2019-09-23,227.27999877929688,0.05595016083365789
1313,2019-08-23,2019-09-24,223.3999938964844,0.06150226769688483
1314,2019-08-26,2019-09-25,223.1999969482422,0.07600596454675013
1315,2019-08-27,2019-09-26,223.77999877929688,0.08290642261775205
1316,2019-08-28,2019-09-27,222.47999572753903,0.08361480827838663
1317,2019-08-29,2019-09-30,227.41000366210938,0.048175098757103574
1318,2019-08-30,2019-10-01,226.6199951171875,0.016192797427805994
1319,2019-09-03,2019-10-02,224.2899932861328,0.017693726240632812
1320,2019-09-04,2019-10-03,226.22999572753903,-0.008424709906840633
1321,2019-09-05,2019-10-04,235.3800048828125,-0.029793924576176023
1322,2019-09-06,2019-10-07,235.6999969482422,-0.020611390216139114
1323,2019-09-09,2019-10-08,231.1300048828125,-0.008860753929354592
1324,2019-09-10,2019-10-09,237.94000244140625,-0.034386835213169986
1325,2019-09-11,2019-10-10,246.80999755859372,-0.08383100402054211
1326,2019-09-12,2019-10-11,249.94000244140625,-0.05709693732280141
1327,2019-09-13,2019-10-14,243.75999450683597,-0.038292754912343074
1328,2019-09-16,2019-10-15,244.19000244140625,-0.013362664250285317
1329,2019-09-17,2019-10-16,244.4499969482422,-0.022461080291366953
1330,2019-09-18,2019-10-17,246.6000061035156,-0.02107578035051283
1331,2019-09-19,2019-10-18,244.1300048828125,-0.019630006059415006
1332,2019-09-20,2019-10-21,240.05999755859372,0.015501963730588875
1333,2019-09-23,2019-10-22,240.75,0.0031055900621117516
1334,2019-09-24,2019-10-23,238.0399932861328,0.034751256246738915
1335,2019-09-25,2019-10-24,241.55999755859372,-0.009359811824426023
1336,2019-09-26,2019-10-25,244.00999450683597,0.0014323379548264459
1337,2019-09-27,2019-10-28,242.77999877929688,0.02458816901270311
1338,2019-09-30,2019-10-29,238.9199981689453,0.028622574210252494
1339,2019-10-01,2019-10-30,230.3500061035156,0.06464448732185923
1340,2019-10-02,2019-10-31,228.3300018310547,0.0664022774944566
1341,2019-10-03,2019-11-01,224.33999633789062,-0.2106853353652034
1342,2019-10-04,2019-11-04,228.57000732421875,-0.19501229789603913
1343,2019-10-07,2019-11-05,230.94000244140625,-0.2233287632944565
1344,2019-10-08,2019-11-06,229.1000061035156,-0.20306682200829784
1345,2019-10-09,2019-11-07,230.02999877929688,-0.18303844831834715
1346,2019-10-10,2019-11-08,227.72000122070312,-0.18228544986809259
1347,2019-10-11,2019-11-11,236.44000244140625,-0.23680496263045336
1348,2019-10-14,2019-11-12,234.7700042724609,-0.21034181984323785
1349,2019-10-15,2019-11-13,240.97000122070312,-0.26393920238749424
1350,2019-10-16,2019-11-14,239.0800018310547,-0.2546179937766946
1351,2019-10-17,2019-11-15,241.50999450683597,-0.25381580640111867
1352,2019-10-18,2019-11-18,239.42999267578125,-0.2404413396334273
1353,2019-10-21,2019-11-19,243.83999633789062,-0.25690719761799286
1354,2019-10-22,2019-11-20,241.5,-0.24458878765205028
1355,2019-10-23,2019-11-21,246.6100006103516,-0.2844270865122478
1356,2019-10-24,2019-11-22,239.32000732421875,-0.23050028569529935
1357,2019-10-25,2019-11-25,244.3600006103516,-0.23470262285248622
1358,2019-10-28,2019-11-26,248.8999938964844,-0.2681509577539054
1359,2019-10-29,2019-11-27,245.9600067138672,-0.257464207765413
1360,2019-10-30,2019-11-29,246.2700042724609,-0.26208167944423066
1361,2019-10-31,2019-12-02,244.57000732421875,-0.2663490971929454
1362,2019-11-01,2019-12-03,185.3000030517578,0.03484557659249865
1363,2019-11-04,2019-12-04,191.2700042724609,0.012545135333329904
1364,2019-11-05,2019-12-05,188.77999877929688,0.014975190235266611
1365,2019-11-06,2019-12-06,190.42999267578125,-0.0011565425274653318
1366,2019-11-07,2019-12-09,194.44000244140625,-0.021647724667059887
1367,2019-11-08,2019-12-10,192.6100006103516,-0.0024461393889672056
1368,2019-11-11,2019-12-11,191.1699981689453,0.0003137455416732937
1369,2019-11-12,2019-12-12,193.97000122070312,-0.006590577543195586
1370,2019-11-13,2019-12-13,190.6499938964844,0.011766557609403483
1371,2019-11-14,2019-12-16,190.55999755859372,0.04067661022896574
1372,2019-11-15,2019-12-17,192.6199951171875,0.03206032604428388
1373,2019-11-18,2019-12-18,193.0200042724609,0.034996499602433895
1374,2019-11-19,2019-12-19,194.0,0.047852760736196265
1375,2019-11-20,2019-12-20,194.0399932861328,0.058743637976688357
1376,2019-11-21,2019-12-23,192.0,0.0628203027477291
1377,2019-11-22,2019-12-24,194.4900054931641,0.0495992666475632
1378,2019-11-25,2019-12-26,197.91000366210938,0.03744952543837765
1379,2019-11-26,2019-12-27,196.2700042724609,0.039915808323986
1380,2019-11-27,2019-12-30,195.6000061035156,0.03706984984144035
1381,2019-11-29,2019-12-31,195.1300048828125,0.04065874759996657
1382,2019-12-02,2020-01-02,193.1300048828125,0.056613893458293596
1383,2019-12-03,2020-01-03,191.9900054931641,0.04411252348075689
1384,2019-12-04,2020-01-06,193.6999969482422,0.04515431151803906
1385,2019-12-05,2020-01-07,191.6499938964844,0.06443745088472641
1386,2019-12-06,2020-01-08,190.2100067138672,0.0810222695904741
1387,2019-12-09,2020-01-09,190.32000732421875,0.07969050040784798
1388,2019-12-10,2020-01-10,192.13999938964844,0.07384559350443098
1389,2019-12-11,2020-01-13,191.22999572753903,0.09434051027588986
1390,2019-12-12,2020-01-14,192.6999969482422,0.09551751143872012
1391,2019-12-13,2020-01-15,192.9199981689453,0.09592765021440885
1392,2019-12-16,2020-01-16,198.63999938964844,0.09400228328552596
1393,2019-12-17,2020-01-17,199.0,0.10307835949204402
1394,2019-12-18,2020-01-21,200.0200042724609,0.09591394274919618
1395,2019-12-19,2020-01-22,203.75,0.08517421478417153
1396,2019-12-20,2020-01-23,206.1499938964844,0.10392942674016892
1397,2019-12-23,2020-01-24,204.8699951171875,0.13938251421637737
1398,2019-12-24,2020-01-27,204.63999938964844,0.12908031524656738
1399,2019-12-26,2020-01-28,205.6100006103516,0.13142109010613978
1400,2019-12-27,2020-01-29,204.42999267578125,0.13027019773845339
1401,2019-12-30,2020-01-30,203.1300048828125,0.12345732256917352
1402,2019-12-31,2020-01-31,203.3999938964844,0.08928092938283672
1403,2020-01-02,2020-02-03,204.72000122070312,0.09122387651266184
1404,2020-01-03,2020-02-04,200.8500061035156,0.1317222905755675
1405,2020-01-06,2020-02-05,202.8600006103516,0.1176547458609597
1406,2020-01-07,2020-02-06,204.8500061035156,0.1190005060232251
1407,2020-01-08,2020-02-07,206.97999572753903,0.1069595205934396
1408,2020-01-09,2020-02-10,206.8000030517578,0.11019319395384031
1409,2020-01-10,2020-02-11,207.4600067138672,0.10384446343901865
1410,2020-01-13,2020-02-12,211.1499938964844,0.09941999552115555
1411,2020-01-14,2020-02-13,213.0500030517578,0.10340035590570762
1412,2020-01-15,2020-02-14,213.38999938964844,0.04510673368234108
1413,2020-01-16,2020-02-18,219.25,0.02896493857389415
1414,2020-01-17,2020-02-19,221.8699951171875,0.013998796086854948
1415,2020-01-21,2020-02-20,221.2400054931641,0.030839290887411996
1416,2020-01-22,2020-02-21,222.72000122070312,0.003311579123469799
1417,2020-01-23,2020-02-24,230.05999755859372,-0.07630408214546769
1418,2020-01-24,2020-02-25,238.0500030517578,-0.15563860723163891
1419,2020-01-27,2020-02-26,234.97000122070312,-0.1566899769946375
1420,2020-01-28,2020-02-27,236.72000122070312,-0.22538570346669462
1421,2020-01-29,2020-02-28,235.0500030517578,-0.2171189363852597
1422,2020-01-30,2020-03-02,231.7400054931641,-0.17879856457629262
1423,2020-01-31,2020-03-03,223.33999633789062,-0.16474574361351046
1424,2020-02-03,2020-03-04,225.2700042724609,-0.11724445180362908
1425,2020-02-04,2020-03-05,231.32000732421875,-0.17684172872083614
1426,2020-02-05,2020-03-06,229.91000366210938,-0.20510538386196298
1427,2020-02-06,2020-03-09,232.5200042724609,-0.2521945242896515
1428,2020-02-07,2020-03-10,231.7700042724609,-0.15908179881246065
1429,2020-02-10,2020-03-11,232.41000366210938,-0.27557633125608905
1430,2020-02-11,2020-03-12,231.5,-0.4212044991554693
1431,2020-02-12,2020-03-13,234.4600067138672,-0.3264313985074252
1432,2020-02-13,2020-03-16,237.6199951171875,-0.5131177106218725
1433,2020-02-14,2020-03-17,223.47000122070312,-0.3285969398053461
1434,2020-02-18,2020-03-18,225.7899932861328,-0.2756496795826713
1435,2020-02-19,2020-03-19,225.0200042724609,-0.26501010847567885
1436,2020-02-20,2020-03-20,228.27999877929688,-0.38788913368798017
1437,2020-02-21,2020-03-23,223.4600067138672,-0.3804052382851941
1438,2020-02-24,2020-03-24,213.75,-0.14574401156317873
1439,2020-02-25,2020-03-25,205.9900054931641,-0.0937715897117215
1440,2020-02-26,2020-03-26,203.13999938964844,-0.012813441549490046
1441,2020-02-27,2020-03-27,193.17999267578125,-0.009880283632094367
1442,2020-02-28,2020-03-30,193.1199951171875,0.06129393317565479
1443,2020-03-02,2020-03-31,196.58999633789062,0.02942486607785544
1444,2020-03-03,2020-04-01,191.75,0.005291301809690507
1445,2020-03-04,2020-04-02,201.6300048828125,-0.03879442834886393
1446,2020-03-05,2020-04-03,196.55999755859372,-0.009864355605045283
1447,2020-03-06,2020-04-06,190.77999877929688,0.08102122750339302
1448,2020-03-09,2020-04-07,185.69000244140625,0.11212583444906932
1449,2020-03-10,2020-04-08,199.9600067138672,0.06817647548205019
1450,2020-03-11,2020-04-09,182.1999969482422,0.1320089859007948
1451,2020-03-12,2020-04-13,162.88999938964844,0.19393310612779158
1452,2020-03-13,2020-04-14,176.75999450683594,0.147363867693468
1453,2020-03-16,2020-04-15,157.0399932861328,0.23091242759940445
1454,2020-03-17,2020-04-16,168.1999969482422,0.18035187639377448
1455,2020-03-18,2020-04-17,177.0,0.1572231387521722
1456,2020-03-19,2020-04-20,177.8800048828125,0.16090381492749906
1457,2020-03-20,2020-04-21,164.47999572753906,0.17780558251236778
1458,2020-03-23,2020-04-22,161.8800048828125,0.2341391464144985
1459,2020-03-24,2020-04-23,186.55999755859372,0.10834965651132722
1460,2020-03-25,2020-04-24,188.3300018310547,0.13135923642009273
1461,2020-03-26,2020-04-27,200.57000732421875,0.07957411796834246
1462,2020-03-27,2020-04-28,191.2899932861328,0.12264369877024084
1463,2020-03-30,2020-04-29,205.72999572753903,0.07345522451703479
1464,2020-03-31,2020-04-30,202.5500030517578,0.07637938790200005
1465,2020-04-01,2020-05-01,192.7700042724609,0.07161430919330303
1466,2020-04-02,2020-05-04,194.1000061035156,0.0800947578032436
1467,2020-04-03,2020-05-05,194.63999938964844,0.11703866252049944
1468,2020-04-06,2020-05-06,207.6000061035156,0.0019710033851613185
1469,2020-04-07,2020-05-07,209.13999938964844,0.006130272922265201
1470,2020-04-08,2020-05-08,214.58999633789062,0.015687345787434137
1471,2020-04-09,2020-05-11,209.91000366210938,0.06532192559149208
1472,2020-04-13,2020-05-12,202.0800018310547,0.08602444028679057
1473,2020-04-14,2020-05-13,207.30999755859372,0.029992530532928274
1474,2020-04-15,2020-05-14,204.19000244140625,0.006809640164512021
1475,2020-04-16,2020-05-15,205.2100067138672,0.024898979854410364
1476,2020-04-17,2020-05-18,210.0200042724609,0.025971574861056168
1477,2020-04-20,2020-05-19,211.9900054931641,0.03535670371265043
1478,2020-04-21,2020-05-20,200.0500030517578,0.10970179898205468
1479,2020-04-22,2020-05-21,211.3699951171875,0.0524924090808262
1480,2020-04-23,2020-05-22,209.22999572753903,0.04968888827900875
1481,2020-04-24,2020-05-26,216.80999755859372,0.024915711233858495
1482,2020-04-27,2020-05-27,217.91000366210938,0.04135319166532181
1483,2020-04-28,2020-05-28,218.02999877929688,0.021936118023571982
1484,2020-04-29,2020-05-29,222.0399932861328,0.04891635868806832
1485,2020-04-30,2020-06-01,219.3000030517578,0.06537673192036064
1486,2020-05-01,2020-06-02,207.63999938964844,0.09898024673750272
1487,2020-05-04,2020-06-03,211.0,0.08764649067321617
1488,2020-05-05,2020-06-04,220.44000244140625,0.035948574691924695
1489,2020-05-06,2020-06-05,208.00999450683597,0.11549093793247256
1490,2020-05-07,2020-06-08,210.42999267578125,0.09215238461128794
1491,2020-05-08,2020-06-09,218.00999450683597,0.05786516742795755
1492,2020-05-11,2020-06-10,224.5800018310547,0.03518495635640273
1493,2020-05-12,2020-06-11,221.1000061035156,-0.010511896799259679
1494,2020-05-13,2020-06-12,213.72000122070312,0.04066791277599968
1495,2020-05-14,2020-06-15,205.58999633789062,0.089705597600644
1496,2020-05-15,2020-06-16,210.4499969482422,0.08324621368526475
1497,2020-05-18,2020-06-17,215.6199951171875,0.04820340113258825
1498,2020-05-19,2020-06-18,219.75999450683597,-0.0014126113597845436
1499,2020-05-20,2020-06-19,224.6999969482422,-0.030686677721082356
1500,2020-05-21,2020-06-22,223.0800018310547,-0.02863469753163206
1501,2020-05-22,2020-06-23,220.1699981689453,-0.021101953226948744
1502,2020-05-26,2020-06-24,222.3500061035156,-0.06260456919242818
1503,2020-05-27,2020-06-25,227.30999755859372,-0.0723181533164976
1504,2020-05-28,2020-06-26,222.9199981689453,-0.0583487300062997
1505,2020-05-29,2020-06-29,233.4600067138672,-0.1283166718952593
1506,2020-06-01,2020-06-30,234.63999938964844,-0.11717374067221775
1507,2020-06-02,2020-07-01,230.4499969482422,-0.1003150986531991
1508,2020-06-03,2020-07-02,231.2700042724609,-0.09861769183102043
1509,2020-06-04,2020-07-06,228.66000366210938,-0.06626256430909061
1510,2020-06-05,2020-07-07,235.1699981689453,-0.11571306353021993
1511,2020-06-08,2020-07-08,231.7899932861328,-0.08262487939427832
1512,2020-06-09,2020-07-09,231.3999938964844,-0.05763517984051614
1513,2020-06-10,2020-07-10,232.7700042724609,-0.07709038737243579
1514,2020-06-11,2020-07-13,218.8000030517578,-0.035494556988543424
1515,2020-06-12,2020-07-14,222.77999877929688,-0.032679753355494334
1516,2020-06-15,2020-07-15,225.8500061035156,-0.04978156895161945
1517,2020-06-16,2020-07-16,229.55999755859372,-0.06712533827243705
1518,2020-06-17,2020-07-17,226.5399932861328,-0.031743798011638846
1519,2020-06-18,2020-07-20,219.4499969482422,0.02657028667625616
1520,2020-06-19,2020-07-21,218.00999450683597,0.047117439991420484
1521,2020-06-22,2020-07-22,216.8699951171875,0.07253135432176505
1522,2020-06-23,2020-07-23,215.6199951171875,0.09895531814702319
1523,2020-06-24,2020-07-24,209.25,0.11638021132015164
1524,2020-06-25,,211.97999572753903,
1525,2020-06-26,,210.6300048828125,
1526,2020-06-29,,206.91000366210938,
1527,2020-06-30,,210.02999877929688,
1528,2020-07-01,,209.44000244140625,
1529,2020-07-02,,210.50999450683597,
1530,2020-07-06,,214.4499969482422,
1531,2020-07-07,,210.77999877929688,
1532,2020-07-08,,214.1000061035156,
1533,2020-07-09,,218.7899932861328,
1534,2020-07-10,,216.1100006103516,
1535,2020-07-13,,211.3000030517578,
1536,2020-07-14,,215.72999572753903,
1537,2020-07-15,,215.13999938964844,
1538,2020-07-16,,215.1199951171875,
1539,2020-07-17,,219.57000732421875,
1540,2020-07-20,,225.44000244140625,
1541,2020-07-21,,228.7899932861328,
1542,2020-07-22,,233.8300018310547,
1543,2020-07-23,,239.3000030517578,
1544,2020-07-24,,236.80999755859372,
